,text,label
0,,4
1,,1
2,,1
3,,2
4,,3
5,,2
6,,3
7,,3
8,,1
9,,4
10,,1
11,,1
12,,3
13,,1
14,,1
15,,4
16,,3
17,,3
18,,1
19,,4
20,,0
21,,1
22,,1
23,,4
24,,1
25,,2
26,,1
27,,2
28,,0
29,,3
30,,4
31,,1
32,,4
33,,1
34,,2
35,,1
36,,2
37,,2
38,,3
39,,2
40,,3
41,,3
42,,2
43,,2
44,,3
45,,1
46,,2
47,,2
48,,2
49,,2
50,,1
51,,1
52,,4
53,,3
54,,3
55,,2
56,,3
57,,3
58,,1
59,,4
60,,0
61,,3
62,,3
63,,3
64,,4
65,,1
66,,2
67,,3
68,,4
69,,4
70,,2
71,,0
72,,3
73,,0
74,,3
75,,2
76,,4
77,,2
78,,3
79,,4
80,,3
81,,3
82,,3
83,,4
84,,1
85,,0
86,,0
87,,2
88,,4
89,,3
90,,1
91,,4
92,,3
93,,3
94,,4
95,,2
96,,4
97,,3
98,,1
99,,1
100,,2
101,,1
102,,1
103,,4
104,,1
105,,1
106,,1
107,,1
108,,4
109,,2
110,,3
111,,4
112,,0
113,,3
114,,4
115,,3
116,,1
117,,3
118,,3
119,,2
120,,3
121,,3
122,,3
123,,1
124,,1
125,,1
126,,3
127,,3
128,,1
129,,1
130,,3
131,,1
132,,1
133,,3
134,,2
135,,3
136,,1
137,,1
138,,1
139,,4
140,,2
141,,3
142,,2
143,,3
144,,2
145,,4
146,,0
147,,0
148,,1
149,,2
150,,3
151,,3
152,,2
153,,2
154,,2
155,,0
156,,3
157,,2
158,,4
159,,3
160,,4
161,,1
162,,3
163,,1
164,,1
165,,2
166,,0
167,,2
168,,2
169,,4
170,,2
171,,2
172,,4
173,,1
174,,0
175,,1
176,,0
177,,1
178,,3
179,,2
180,,0
181,,3
182,,3
183,,0
184,,3
185,,4
186,,4
187,,1
188,,4
189,,3
190,,4
191,,3
192,,3
193,,0
194,,4
195,,1
196,,2
197,,1
198,,3
199,,0
200,,2
201,,1
202,,1
203,,1
204,,1
205,,3
206,,0
207,,4
208,,4
209,,1
210,,0
211,,1
212,,0
213,,4
214,,4
215,,4
216,,2
217,,3
218,,3
219,,1
220,,1
221,,3
222,,2
223,,1
224,,3
225,,3
226,,1
227,,4
228,,4
229,,2
230,,4
231,,2
232,,2
233,,2
234,,4
235,,0
236,,1
237,,3
238,,2
239,,3
240,,3
241,,4
242,,0
243,,1
244,,4
245,,1
246,,2
247,,3
248,,4
249,,0
250,,4
251,,1
252,,4
253,,3
254,,1
255,,2
256,,4
257,,2
258,,4
259,,4
260,,4
261,,1
262,,1
263,,3
264,,1
265,,3
266,,0
267,,1
268,,1
269,,3
270,,3
271,,0
272,,0
273,,2
274,,3
275,,3
276,,4
277,,2
278,,4
279,,3
280,,1
281,,1
282,,4
283,,3
284,,3
285,,1
286,,0
287,,1
288,,3
289,,3
290,,2
291,,3
292,,3
293,,3
294,,3
295,,3
296,,1
297,,3
298,,4
299,,0
300,,2
301,,0
302,,2
303,,0
304,,2
305,,2
306,,0
307,,3
308,,0
309,,2
310,,2
311,,1
312,,3
313,,3
314,,4
315,,0
316,,0
317,,3
318,,2
319,,3
320,,3
321,,1
322,,4
323,,0
324,,4
325,,3
326,,1
327,,0
328,,3
329,,1
330,,4
331,,4
332,,0
333,,1
334,,3
335,,0
336,,4
337,,1
338,,0
339,,3
340,,3
341,,3
342,,3
343,,2
344,,3
345,,3
346,,4
347,,0
348,,4
349,,2
350,,3
351,,3
352,,2
353,,3
354,,1
355,,2
356,,1
357,,0
358,,0
359,,2
360,,3
361,,3
362,,4
363,,2
364,,1
365,,2
366,,3
367,,2
368,,1
369,,1
370,,0
371,,3
372,,1
373,,1
374,,4
375,,0
376,,3
377,,3
378,,1
379,,3
380,,1
381,,1
382,,1
383,,1
384,,3
385,,3
386,,0
387,,4
388,,2
389,,2
390,,2
391,,1
392,,0
393,,0
394,,0
395,,4
396,,4
397,,2
398,,3
399,,3
400,,4
401,,2
402,,1
403,,1
404,,0
405,,0
406,,2
407,,2
408,,4
409,,3
410,,3
411,,3
412,,1
413,,1
414,,0
415,,2
416,,3
417,,0
418,,1
419,,1
420,,3
421,,0
422,,3
423,,3
424,,3
425,,1
426,,2
427,,3
428,,0
429,,3
430,,1
431,,2
432,,2
433,,3
434,,3
435,,2
436,,3
437,,1
438,,1
439,,0
440,,2
441,,2
442,,4
443,,2
444,,3
445,,1
446,,0
447,,3
448,,0
449,,3
450,,4
451,,3
452,,1
453,,2
454,,1
455,,0
456,,1
457,,0
458,,3
459,,1
460,,1
461,,4
462,,2
463,,2
464,,1
465,,0
466,,1
467,,1
468,,0
469,,4
470,,2
471,,1
472,,3
473,,4
474,,3
475,,4
476,,3
477,,1
478,,3
479,,1
480,,4
481,,1
482,,3
483,,1
484,,2
485,,3
486,,3
487,,1
488,,1
489,,3
490,,2
491,,1
492,,1
493,,1
494,,0
495,,3
496,,4
497,,3
498,,2
499,,3
500,,3
501,,2
502,,1
503,,2
504,,3
505,,0
506,,2
507,,4
508,,4
509,,1
510,,4
511,,0
512,,1
513,,1
514,,2
515,,2
516,,2
517,,0
518,,3
519,,1
520,,3
521,,2
522,,0
523,,4
524,,4
525,,0
526,,2
527,,2
528,,1
529,,3
530,,3
531,,1
532,,4
533,,3
534,,2
535,,3
536,,3
537,,0
538,,0
539,,2
540,,1
541,,4
542,,2
543,,3
544,,2
545,,2
546,,0
547,,0
548,,1
549,,3
550,,1
551,,3
552,,1
553,,3
554,,2
555,,0
556,,1
557,,1
558,,3
559,,3
560,,3
561,,1
562,,2
563,,3
564,,0
565,,1
566,,0
567,,1
568,,4
569,,3
570,,3
571,,1
572,,3
573,,1
574,,1
575,,0
576,,2
577,,1
578,,1
579,,0
580,,4
581,,0
582,,2
583,,0
584,,2
585,,2
586,,1
587,,3
588,,4
589,,1
590,,2
591,,3
592,,0
593,,1
594,,1
595,,1
596,,3
597,,1
598,,3
599,,0
600,,1
601,,3
602,,3
603,,0
604,,2
605,,0
606,,4
607,,2
608,,1
609,,3
610,,3
611,,1
612,,2
613,,3
614,,3
615,,0
616,,3
617,,1
618,,1
619,,3
620,,3
621,,3
622,,3
623,,4
624,,2
625,,4
626,,2
627,,3
628,,3
629,,1
630,,4
631,,3
632,,2
633,,3
634,,3
635,,1
636,,1
637,,1
638,,1
639,,1
640,,2
641,,1
642,,2
643,,4
644,,4
645,,1
646,,0
647,,2
648,,1
649,,3
650,,3
651,,0
652,,4
653,,1
654,,3
655,,1
656,,2
657,,1
658,,2
659,,3
660,,1
661,,4
662,,3
663,,1
664,,0
665,,4
666,,3
667,,0
668,,4
669,,1
670,,1
671,,3
672,,1
673,,3
674,,1
675,,1
676,,0
677,,1
678,,1
679,,4
680,,2
681,,2
682,,1
683,,4
684,,2
685,,4
686,,2
687,,2
688,,1
689,,1
690,,4
691,,3
692,,3
693,,4
694,,1
695,,1
696,,1
697,,3
698,,4
699,,0
700,,0
701,,1
702,,3
703,,2
704,,3
705,,4
706,,1
707,,4
708,,3
709,,4
710,,1
711,,0
712,,4
713,,2
714,,4
715,,2
716,,1
717,,1
718,,2
719,,1
720,,1
721,,2
722,,3
723,,1
724,,4
725,,2
726,,0
727,,0
728,,1
729,,1
730,,3
731,,3
732,,2
733,,2
734,,4
735,,2
736,,0
737,,3
738,,4
739,,3
740,,1
741,,1
742,,3
743,,3
744,,1
745,,2
746,,2
747,,3
748,,4
749,,4
750,,0
751,,1
752,,3
753,,0
754,,0
755,,0
756,,3
757,,2
758,,2
759,,1
760,,1
761,,3
762,,3
763,,4
764,,0
765,,2
766,,3
767,,4
768,,3
769,,3
770,,1
771,,1
772,,4
773,,3
774,,3
775,,1
776,,1
777,,4
778,,3
779,,3
780,,2
781,,3
782,,2
783,,3
784,,1
785,,4
786,,4
787,,4
788,,3
789,,3
790,,2
791,,3
792,,1
793,,2
794,,1
795,,1
796,,2
797,,3
798,,3
799,,0
800,,0
801,,1
802,,3
803,,3
804,,0
805,,0
806,,1
807,,4
808,,1
809,,4
810,,1
811,,3
812,,1
813,,1
814,,4
815,,1
816,,0
817,,3
818,,1
819,,3
820,,3
821,,3
822,,2
823,,4
824,,4
825,,3
826,,4
827,,3
828,,4
829,,3
830,,1
831,,3
832,,1
833,,4
834,,0
835,,4
836,,4
837,,1
838,,4
839,,2
840,,4
841,,1
842,,2
843,,0
844,,0
845,,2
846,,2
847,,1
848,,2
849,,0
850,,1
851,,1
852,,3
853,,2
854,,3
855,,0
856,,3
857,,0
858,,3
859,,1
860,,3
861,,1
862,,3
863,,3
864,,1
865,,0
866,,4
867,,0
868,,1
869,,4
870,,4
871,,3
872,,3
873,,0
874,,4
875,,0
876,,4
877,,4
878,,3
879,,1
880,,3
881,,2
882,,2
883,,3
884,,3
885,,1
886,,1
887,,3
888,,3
889,,3
890,,1
891,,3
892,,2
893,,3
894,,3
895,,4
896,,3
897,,3
898,,1
899,,1
900,,1
901,,2
902,,1
903,,4
904,,2
905,,2
906,,0
907,,3
908,,4
909,,2
910,,0
911,,2
912,,4
913,,2
914,,3
915,,4
916,,2
917,,1
918,,1
919,,4
920,,4
921,,2
922,,0
923,,1
924,,1
925,,1
926,,0
927,,3
928,,0
929,,0
930,,3
931,,3
932,,3
933,,3
934,,3
935,,2
936,,3
937,,1
938,,0
939,,3
940,,0
941,,1
942,,2
943,,3
944,,4
945,,1
946,,3
947,,2
948,,3
949,,0
950,,3
951,,3
952,,0
953,,3
954,,1
955,,3
956,,3
957,,3
958,,2
959,,1
960,,2
961,,1
962,,4
963,,1
964,,0
965,,4
966,,4
967,,1
968,,1
969,,3
970,,3
971,,2
972,,1
973,,3
974,,4
975,,1
976,,1
977,,3
978,,2
979,,1
980,,1
981,,0
982,,3
983,,0
984,,0
985,,1
986,,1
987,,1
988,,0
989,,2
990,,0
991,,4
992,,4
993,,0
994,,1
995,,1
996,,1
997,,1
998,,2
999,,1
1000,,3
1001,,2
1002,,4
1003,,1
1004,,3
1005,,2
1006,,4
1007,,3
1008,,1
1009,,0
1010,,1
1011,,3
1012,,1
1013,,1
1014,,3
1015,,0
1016,,3
1017,,1
1018,,2
1019,,3
1020,,0
1021,,4
1022,,2
1023,,3
1024,,3
1025,,0
1026,,3
1027,,3
1028,,2
1029,,3
1030,,3
1031,,3
1032,,4
1033,,1
1034,,3
1035,,1
1036,,1
1037,,4
1038,,1
1039,,4
1040,,2
1041,,1
1042,,4
1043,,2
1044,,4
1045,,1
1046,,1
1047,,3
1048,,1
1049,,4
1050,,1
1051,,1
1052,,2
1053,,3
1054,,3
1055,,0
1056,,1
1057,,1
1058,,3
1059,,2
1060,,4
1061,,3
1062,,2
1063,,1
1064,,1
1065,,1
1066,,3
1067,,1
1068,,1
1069,,0
1070,,0
1071,,1
1072,,1
1073,,4
1074,,2
1075,,0
1076,,0
1077,,4
1078,,1
1079,,3
1080,,3
1081,,2
1082,,0
1083,,3
1084,,3
1085,,2
1086,,3
1087,,1
1088,,2
1089,,3
1090,,1
1091,,3
1092,,3
1093,,2
1094,,2
1095,,0
1096,,0
1097,,4
1098,,1
1099,,2
1100,,2
1101,,0
1102,,1
1103,,1
1104,,4
1105,,4
1106,,3
1107,,1
1108,,4
1109,,1
1110,,1
1111,,2
1112,,3
1113,,2
1114,,4
1115,,0
1116,,4
1117,,3
1118,,2
1119,,3
1120,,4
1121,,2
1122,,3
1123,,0
1124,,1
1125,,0
1126,,2
1127,,3
1128,,2
1129,,0
1130,,2
1131,,1
1132,,3
1133,,1
1134,,1
1135,,3
1136,,3
1137,,3
1138,,1
1139,,1
1140,,1
1141,,3
1142,,3
1143,,3
1144,,1
1145,,3
1146,,1
1147,,4
1148,,1
1149,,3
1150,,0
1151,,0
1152,,1
1153,,2
1154,,3
1155,,0
1156,,0
1157,,1
1158,,1
1159,,3
1160,,4
1161,,3
1162,,3
1163,,2
1164,,3
1165,,4
1166,,3
1167,,0
1168,,4
1169,,3
1170,,2
1171,,0
1172,,4
1173,,0
1174,,3
1175,,0
1176,,1
1177,,0
1178,,2
1179,,1
1180,,3
1181,,1
1182,,2
1183,,3
1184,,2
1185,,0
1186,,3
1187,,2
1188,,2
1189,,4
1190,,3
1191,,1
1192,,1
1193,,1
1194,,2
1195,,1
1196,,3
1197,,1
1198,,4
1199,,2
1200,,3
1201,,1
1202,,4
1203,,3
1204,,0
1205,,0
1206,,1
1207,,4
1208,,4
1209,,0
1210,,0
1211,,0
1212,,4
1213,,1
1214,,2
1215,,3
1216,,0
1217,,3
1218,,3
1219,,0
1220,,2
1221,,2
1222,,0
1223,,4
1224,,3
1225,,3
1226,,3
1227,,2
1228,,3
1229,,0
1230,,1
1231,,3
1232,,1
1233,,2
1234,,0
1235,,0
1236,,4
1237,,1
1238,,0
1239,,3
1240,,1
1241,,3
1242,,2
1243,,3
1244,,0
1245,,4
1246,,4
1247,,3
1248,,1
1249,,1
1250,,1
1251,,1
1252,,3
1253,,4
1254,,0
1255,,4
1256,,1
1257,,4
1258,,1
1259,,1
1260,,2
1261,,4
1262,,4
1263,,2
1264,,2
1265,,1
1266,,4
1267,,1
1268,,3
1269,,3
1270,,0
1271,,3
1272,,0
1273,,4
1274,,3
1275,,0
1276,,1
1277,,3
1278,,1
1279,,2
1280,,0
1281,,1
1282,,3
1283,,3
1284,,4
1285,,3
1286,,1
1287,,3
1288,,1
1289,,4
1290,,3
1291,,2
1292,,2
1293,,1
1294,,1
1295,,3
1296,,1
1297,,0
1298,,2
1299,,4
1300,,3
1301,,1
1302,,1
1303,,0
1304,,4
1305,,2
1306,,4
1307,,1
1308,,2
1309,,3
1310,,3
1311,,3
1312,,2
1313,,2
1314,,3
1315,,0
1316,,4
1317,,4
1318,,1
1319,,1
1320,,2
1321,,1
1322,,3
1323,,3
1324,,3
1325,,2
1326,,1
1327,,0
1328,,1
1329,,3
1330,,3
1331,,2
1332,,2
1333,,3
1334,,3
1335,,2
1336,,0
1337,,1
1338,,1
1339,,3
1340,,0
1341,,3
1342,,3
1343,,3
1344,,3
1345,,4
1346,,3
1347,,0
1348,,1
1349,,2
1350,,2
1351,,4
1352,,1
1353,,1
1354,,1
1355,,1
1356,,3
1357,,4
1358,,3
1359,,2
1360,,3
1361,,4
1362,,4
1363,,3
1364,,1
1365,,4
1366,,4
1367,,2
1368,,3
1369,,0
1370,,1
1371,,2
1372,,0
1373,,0
1374,,3
1375,,0
1376,,0
1377,,4
1378,,1
1379,,3
1380,,0
1381,,0
1382,,1
1383,,1
1384,,3
1385,,2
1386,,3
1387,,0
1388,,3
1389,,1
1390,,1
1391,,1
1392,,2
1393,,0
1394,,0
1395,,3
1396,,2
1397,,4
1398,,3
1399,,0
1400,,3
1401,,3
1402,,4
1403,,1
1404,,0
1405,,1
1406,,1
1407,,3
1408,,0
1409,,3
1410,,3
1411,,2
1412,,3
1413,,3
1414,,2
1415,,1
1416,,4
1417,,3
1418,,0
1419,,2
1420,,1
1421,,1
1422,,2
1423,,1
1424,,1
1425,,1
1426,,4
1427,,2
1428,,0
1429,,3
1430,,1
1431,,1
1432,,1
1433,,1
1434,,2
1435,,2
1436,,2
1437,,2
1438,,1
1439,,3
1440,,3
1441,,1
1442,,3
1443,,3
1444,,0
1445,,0
1446,,4
1447,,3
1448,,0
1449,,2
1450,,1
1451,,0
1452,,4
1453,,4
1454,,1
1455,,3
1456,,2
1457,,1
1458,,1
1459,,0
1460,,0
1461,,4
1462,,2
1463,,3
1464,,3
1465,,1
1466,,4
1467,,1
1468,,0
1469,,0
1470,,3
1471,,4
1472,,2
1473,,0
1474,,3
1475,,3
1476,,2
1477,,2
1478,,3
1479,,1
1480,,0
1481,,0
1482,,2
1483,,3
1484,,0
1485,,1
1486,,3
1487,,3
1488,,0
1489,,4
1490,,3
1491,,1
1492,,2
1493,,3
1494,,4
1495,,3
1496,,4
1497,,3
1498,,1
1499,,0
1500,,4
1501,,3
1502,,2
1503,,4
1504,,1
1505,,4
1506,,3
1507,,2
1508,,2
1509,,3
1510,,2
1511,,1
1512,,0
1513,,4
1514,,2
1515,,2
1516,,3
1517,,1
1518,,3
1519,,3
1520,,4
1521,,0
1522,,1
1523,,4
1524,,1
1525,,3
1526,,0
1527,,2
1528,,4
1529,,2
1530,,3
1531,,0
1532,,2
1533,,3
1534,,1
1535,,3
1536,,1
1537,,1
1538,,2
1539,,3
1540,,4
1541,,3
1542,,3
1543,,3
1544,,4
1545,,1
1546,,2
1547,,1
1548,,1
1549,,4
1550,,2
1551,,2
1552,,0
1553,,3
1554,,0
1555,,3
1556,,2
1557,,3
1558,,1
1559,,2
1560,,0
1561,,4
1562,,0
1563,,3
1564,,1
1565,,4
1566,,0
1567,,1
1568,,2
1569,,3
1570,,2
1571,,2
1572,,1
1573,,3
1574,,1
1575,,2
1576,,1
1577,,1
1578,,1
1579,,2
1580,,2
1581,,3
1582,,4
1583,,3
1584,,1
1585,,2
1586,,2
1587,,2
1588,,2
1589,,3
1590,,4
1591,,1
1592,,3
1593,,4
1594,,3
1595,,3
1596,,2
1597,,1
1598,,3
1599,,3
1600,,1
1601,,1
1602,,3
1603,,4
1604,,1
1605,,0
1606,,3
1607,,4
1608,,3
1609,,0
1610,,2
1611,,1
1612,,3
1613,,2
1614,,1
1615,,4
1616,,0
1617,,1
1618,,2
1619,,1
1620,,3
1621,,0
1622,,2
1623,,0
1624,,1
1625,,1
1626,,2
1627,,4
1628,,1
1629,,2
1630,,3
1631,,2
1632,,4
1633,,1
1634,,1
1635,,3
1636,,3
1637,,3
1638,,2
1639,,3
1640,,0
1641,,3
1642,,1
1643,,4
1644,,3
1645,,1
1646,,3
1647,,4
1648,,4
1649,,1
1650,,1
1651,,2
1652,,2
1653,,4
1654,,1
1655,,3
1656,,0
1657,,3
1658,,3
1659,,4
1660,,3
1661,,4
1662,,2
1663,,1
1664,,2
1665,,4
1666,,2
1667,,1
1668,,1
1669,,2
1670,,2
1671,,1
1672,,0
1673,,0
1674,,2
1675,,1
1676,,1
1677,,4
1678,,1
1679,,3
1680,,3
1681,,1
1682,,4
1683,,4
1684,,0
1685,,2
1686,,3
1687,,3
1688,,3
1689,,4
1690,,1
1691,,2
1692,,3
1693,,1
1694,,4
1695,,1
1696,,1
1697,,3
1698,,1
1699,,1
1700,,1
1701,,3
1702,,0
1703,,3
1704,,3
1705,,1
1706,,3
1707,,3
1708,,3
1709,,4
1710,,3
1711,,3
1712,,1
1713,,2
1714,,3
1715,,3
1716,,2
1717,,2
1718,,3
1719,,3
1720,,3
1721,,3
1722,,3
1723,,3
1724,,2
1725,,2
1726,,3
1727,,3
1728,,1
1729,,1
1730,,3
1731,,2
1732,,1
1733,,0
1734,,0
1735,,3
1736,,1
1737,,2
1738,,1
1739,,4
1740,,1
1741,,1
1742,,1
1743,,0
1744,,4
1745,,2
1746,,1
1747,,2
1748,,1
1749,,2
1750,,3
1751,,1
1752,,1
1753,,4
1754,,1
1755,,1
1756,,3
1757,,1
1758,,2
1759,,3
1760,,1
1761,,1
1762,,2
1763,,2
1764,,1
1765,,3
1766,,3
1767,,3
1768,,3
1769,,3
1770,,0
1771,,4
1772,,1
1773,,4
1774,,2
1775,,1
1776,,0
1777,,0
1778,,4
1779,,3
1780,,0
1781,,2
1782,,3
1783,,4
1784,,0
1785,,3
1786,,3
1787,,2
1788,,1
1789,,3
1790,,1
1791,,3
1792,,3
1793,,2
1794,,2
1795,,1
1796,,3
1797,,0
1798,,1
1799,,0
1800,,4
1801,,0
1802,,2
1803,,1
1804,,2
1805,,3
1806,,3
1807,,0
1808,,2
1809,,2
1810,,4
1811,,3
1812,,1
1813,,3
1814,,3
1815,,4
1816,,3
1817,,1
1818,,0
1819,,0
1820,,2
1821,,3
1822,,2
1823,,3
1824,,4
1825,,3
1826,,1
1827,,2
1828,,3
1829,,3
1830,,0
1831,,1
1832,,2
1833,,2
1834,,1
1835,,3
1836,,4
1837,,2
1838,,2
1839,,0
1840,,3
1841,,3
1842,,4
1843,,3
1844,,2
1845,,4
1846,,1
1847,,1
1848,,1
1849,,2
1850,,1
1851,,0
1852,,3
1853,,2
1854,,2
1855,,0
1856,,1
1857,,2
1858,,3
1859,,4
1860,,3
1861,,2
1862,,2
1863,,1
1864,,4
1865,,2
1866,,4
1867,,1
1868,,0
1869,,1
1870,,4
1871,,0
1872,,1
1873,,4
1874,,4
1875,,1
1876,,0
1877,,3
1878,,2
1879,,1
1880,,2
1881,,2
1882,,4
1883,,3
1884,,0
1885,,2
1886,,0
1887,,4
1888,,2
1889,,0
1890,,1
1891,,1
1892,,1
1893,,3
1894,,3
1895,,3
1896,,0
1897,,2
1898,,2
1899,,3
1900,,4
1901,,3
1902,,0
1903,,2
1904,,3
1905,,4
1906,,0
1907,,2
1908,,2
1909,,2
1910,,1
1911,,1
1912,,4
1913,,0
1914,,1
1915,,3
1916,,1
1917,,3
1918,,1
1919,,4
1920,,0
1921,,2
1922,,3
1923,,1
1924,,2
1925,,4
1926,,3
1927,,1
1928,,1
1929,,2
1930,,1
1931,,1
1932,,4
1933,,3
1934,,3
1935,,4
1936,,4
1937,,1
1938,,4
1939,,4
1940,,3
1941,,0
1942,,3
1943,,2
1944,,2
1945,,2
1946,,0
1947,,2
1948,,4
1949,,0
1950,,1
1951,,0
1952,,4
1953,,0
1954,,3
1955,,0
1956,,3
1957,,3
1958,,1
1959,,1
1960,,4
1961,,3
1962,,3
1963,,4
1964,,0
1965,,1
1966,,1
1967,,1
1968,,2
1969,,1
1970,,4
1971,,2
1972,,3
1973,,1
1974,,4
1975,,2
1976,,2
1977,,3
1978,,1
1979,,4
1980,,4
1981,,3
1982,,1
1983,,3
1984,,4
1985,,3
1986,,2
1987,,0
1988,,1
1989,,3
1990,,2
1991,,2
1992,,3
1993,,1
1994,,3
1995,,4
1996,,2
1997,,1
1998,,4
1999,,1
2000,,1
2001,,1
2002,,3
2003,,3
2004,,1
2005,,1
2006,,0
2007,,0
2008,,1
2009,,0
2010,,1
2011,,3
2012,,4
2013,,2
2014,,3
2015,,3
2016,,2
2017,,1
2018,,1
2019,,1
2020,,1
2021,,0
2022,,4
2023,,3
2024,,2
2025,,4
2026,,3
2027,,4
2028,,2
2029,,1
2030,,3
2031,,4
2032,,4
2033,,3
2034,,1
2035,,0
2036,,1
2037,,2
2038,,1
2039,,3
2040,,4
2041,,3
2042,,2
2043,,3
2044,,3
2045,,2
2046,,2
2047,,1
2048,,1
2049,,2
2050,,1
2051,,3
2052,,3
2053,,1
2054,,0
2055,,3
2056,,2
2057,,4
2058,,2
2059,,3
2060,,3
2061,,3
2062,,2
2063,,0
2064,,3
2065,,4
2066,,0
2067,,2
2068,,3
2069,,0
2070,,2
2071,,1
2072,,2
2073,,2
2074,,3
2075,,3
2076,,3
2077,,3
2078,,1
2079,,0
2080,,1
2081,,3
2082,,0
2083,,3
2084,,2
2085,,4
2086,,1
2087,,1
2088,,2
2089,,4
2090,,4
2091,,4
2092,,2
2093,,1
2094,,0
2095,,2
2096,,4
2097,,3
2098,,2
2099,,2
2100,,2
2101,,1
2102,,1
2103,,0
2104,,1
2105,,3
2106,,1
2107,,0
2108,,1
2109,,1
2110,,3
2111,,3
2112,,3
2113,,4
2114,,1
2115,,3
2116,,4
2117,,3
2118,,0
2119,,1
2120,,0
2121,,2
2122,,0
2123,,2
2124,,3
2125,,4
2126,,1
2127,,4
2128,,1
2129,,2
2130,,2
2131,,4
2132,,1
2133,,0
2134,,3
2135,,2
2136,,4
2137,,4
2138,,3
2139,,4
2140,,3
2141,,4
2142,,3
2143,,3
2144,,0
2145,,0
2146,,0
2147,,1
2148,,1
2149,,1
2150,,4
2151,,2
2152,,1
2153,,1
2154,,3
2155,,3
2156,,2
2157,,3
2158,,3
2159,,4
2160,,2
2161,,4
2162,,3
2163,,1
2164,,0
2165,,1
2166,,3
2167,,0
2168,,1
2169,,2
2170,,1
2171,,4
2172,,4
2173,,3
2174,,1
2175,,4
2176,,2
2177,,3
2178,,0
2179,,0
2180,,3
2181,,0
2182,,4
2183,,2
2184,,2
2185,,1
2186,,2
2187,,2
2188,,1
2189,,1
2190,,4
2191,,4
2192,,1
2193,,2
2194,,4
2195,,4
2196,,2
2197,,2
2198,,2
2199,,4
2200,,1
2201,,4
2202,,3
2203,,2
2204,,4
2205,,2
2206,,1
2207,,2
2208,,4
2209,,2
2210,,0
2211,,3
2212,,4
2213,,2
2214,,4
2215,,3
2216,,2
2217,,4
2218,,0
2219,,2
2220,,1
2221,,3
2222,,3
2223,,2
2224,,1
2225,,2
2226,,0
2227,,1
2228,,0
2229,,3
2230,,2
2231,,3
2232,,2
2233,,1
2234,,0
2235,,0
2236,,0
2237,,2
2238,,3
2239,,2
2240,,2
2241,,4
2242,,1
2243,,2
2244,,3
2245,,2
2246,,1
2247,,1
2248,,3
2249,,4
2250,,3
2251,,3
2252,,2
2253,,3
2254,,3
2255,,1
2256,,0
2257,,1
2258,,3
2259,,1
2260,,2
2261,,1
2262,,1
2263,,3
2264,,1
2265,,2
2266,,0
2267,,1
2268,,1
2269,,4
2270,,4
2271,,0
2272,,2
2273,,3
2274,,1
2275,,3
2276,,3
2277,,2
2278,,1
2279,,1
2280,,4
2281,,4
2282,,3
2283,,0
2284,,3
2285,,4
2286,,2
2287,,4
2288,,1
2289,,2
2290,,3
2291,,3
2292,,4
2293,,1
2294,,3
2295,,1
2296,,4
2297,,4
2298,,2
2299,,3
2300,,4
2301,,1
2302,,1
2303,,2
2304,,2
2305,,3
2306,,4
2307,,3
2308,,2
2309,,1
2310,,1
2311,,4
2312,,1
2313,,3
2314,,1
2315,,3
2316,,3
2317,,3
2318,,2
2319,,0
2320,,4
2321,,2
2322,,2
2323,,3
2324,,3
2325,,1
2326,,2
2327,,1
2328,,3
2329,,1
2330,,2
2331,,4
2332,,4
2333,,0
2334,,4
2335,,4
2336,,0
2337,,3
2338,,1
2339,,3
2340,,1
2341,,1
2342,,4
2343,,3
2344,,1
2345,,4
2346,,1
2347,,4
2348,,3
2349,,3
2350,,0
2351,,4
2352,,1
2353,,0
2354,,2
2355,,1
2356,,0
2357,,0
2358,,1
2359,,1
2360,,3
2361,,4
2362,,3
2363,,1
2364,,2
2365,,1
2366,,1
2367,,1
2368,,1
2369,,3
2370,,1
2371,,0
2372,,3
2373,,2
2374,,2
2375,,1
2376,,2
2377,,3
2378,,3
2379,,3
2380,,3
2381,,1
2382,,2
2383,,0
2384,,0
2385,,1
2386,,2
2387,,3
2388,,1
2389,,4
2390,,1
2391,,2
2392,,1
2393,,1
2394,,3
2395,,0
2396,,2
2397,,3
2398,,2
2399,,3
2400,,1
2401,,3
2402,,4
2403,,4
2404,,4
2405,,3
2406,,2
2407,,2
2408,,3
2409,,4
2410,,1
2411,,2
2412,,2
2413,,2
2414,,3
2415,,1
2416,,0
2417,,2
2418,,3
2419,,0
2420,,0
2421,,1
2422,,3
2423,,2
2424,,1
2425,,4
2426,,1
2427,,0
2428,,2
2429,,4
2430,,2
2431,,3
2432,,0
2433,,2
2434,,4
2435,,4
2436,,1
2437,,1
2438,,1
2439,,4
2440,,2
2441,,4
2442,,2
2443,,3
2444,,1
2445,,0
2446,,1
2447,,1
2448,,0
2449,,2
2450,,3
2451,,2
2452,,4
2453,,1
2454,,3
2455,,2
2456,,1
2457,,0
2458,,0
2459,,2
2460,,1
2461,,1
2462,,3
2463,,4
2464,,1
2465,,2
2466,,2
2467,,3
2468,,3
2469,,0
2470,,3
2471,,4
2472,,2
2473,,3
2474,,2
2475,,3
2476,,3
2477,,2
2478,,3
2479,,3
2480,,1
2481,,3
2482,,3
2483,,2
2484,,0
2485,,4
2486,,0
2487,,3
2488,,4
2489,,1
2490,,2
2491,,4
2492,,1
2493,,1
2494,,4
2495,,1
2496,,3
2497,,4
2498,,0
2499,,3
2500,,2
2501,,3
2502,,3
2503,,1
2504,,0
2505,,3
2506,,3
2507,,3
2508,,3
2509,,3
2510,,2
2511,,4
2512,,3
2513,,1
2514,,3
2515,,1
2516,,0
2517,,1
2518,,1
2519,,3
2520,,4
2521,,1
2522,,1
2523,,3
2524,,0
2525,,1
2526,,4
2527,,3
2528,,0
2529,,3
2530,,2
2531,,3
2532,,2
2533,,3
2534,,3
2535,,0
2536,,1
2537,,1
2538,,2
2539,,3
2540,,4
2541,,3
2542,,3
2543,,1
2544,,1
2545,,3
2546,,4
2547,,2
2548,,1
2549,,0
2550,,3
2551,,1
2552,,4
2553,,0
2554,,1
2555,,2
2556,,4
2557,,2
2558,,0
2559,,3
2560,,3
2561,,0
2562,,4
2563,,0
2564,,4
2565,,1
2566,,3
2567,,4
2568,,4
2569,,3
2570,,2
2571,,3
2572,,3
2573,,1
2574,,3
2575,,0
2576,,4
2577,,3
2578,,4
2579,,3
2580,,2
2581,,3
2582,,4
2583,,1
2584,,2
2585,,2
2586,,3
2587,,4
2588,,0
2589,,4
2590,,2
2591,,0
2592,,3
2593,,4
2594,,2
2595,,2
2596,,0
2597,,1
2598,,1
2599,,1
2600,,4
2601,,0
2602,,3
2603,,3
2604,,3
2605,,2
2606,,1
2607,,1
2608,,4
2609,,1
2610,,2
2611,,1
2612,,3
2613,,1
2614,,2
2615,,3
2616,,0
2617,,0
2618,,0
2619,,1
2620,,3
2621,,4
2622,,1
2623,,2
2624,,0
2625,,3
2626,,3
2627,,3
2628,,0
2629,,2
2630,,3
2631,,2
2632,,2
2633,,2
2634,,2
2635,,2
2636,,2
2637,,1
2638,,3
2639,,1
2640,,3
2641,,3
2642,,3
2643,,2
2644,,1
2645,,2
2646,,0
2647,,0
2648,,3
2649,,4
2650,,3
2651,,1
2652,,3
2653,,3
2654,,0
2655,,3
2656,,3
2657,,1
2658,,2
2659,,3
2660,,4
2661,,1
2662,,2
2663,,2
2664,,3
2665,,1
2666,,1
2667,,1
2668,,1
2669,,1
2670,,2
2671,,2
2672,,3
2673,,2
2674,,1
2675,,1
2676,,1
2677,,3
2678,,3
2679,,2
2680,,1
2681,,2
2682,,2
2683,,4
2684,,0
2685,,1
2686,,3
2687,,1
2688,,3
2689,,2
2690,,2
2691,,2
2692,,3
2693,,3
2694,,0
2695,,2
2696,,3
2697,,3
2698,,1
2699,,3
2700,,1
2701,,2
2702,,4
2703,,1
2704,,3
2705,,2
2706,,2
2707,,1
2708,,3
2709,,1
2710,,1
2711,,1
2712,,3
2713,,1
2714,,1
2715,,3
2716,,2
2717,,2
2718,,3
2719,,1
2720,,4
2721,,3
2722,,1
2723,,4
2724,,0
2725,,1
2726,,0
2727,,3
2728,,3
2729,,1
2730,,1
2731,,0
2732,,4
2733,,0
2734,,3
2735,,1
2736,,4
2737,,2
2738,,3
2739,,2
2740,,3
2741,,4
2742,,3
2743,,1
2744,,3
2745,,3
2746,,3
2747,,0
2748,,3
2749,,4
2750,,3
2751,,2
2752,,4
2753,,0
2754,,3
2755,,2
2756,,1
2757,,1
2758,,4
2759,,2
2760,,2
2761,,0
2762,,0
2763,,0
2764,,0
2765,,3
2766,,3
2767,,1
2768,,4
2769,,2
2770,,2
2771,,2
2772,,1
2773,,1
2774,,4
2775,,1
2776,,4
2777,,3
2778,,2
2779,,1
2780,,1
2781,,3
2782,,2
2783,,3
2784,,0
2785,,1
2786,,0
2787,,0
2788,,3
2789,,3
2790,,3
2791,,1
2792,,3
2793,,1
2794,,4
2795,,2
2796,,1
2797,,1
2798,,0
2799,,1
2800,,0
2801,,1
2802,,1
2803,,2
2804,,3
2805,,3
2806,,2
2807,,2
2808,,4
2809,,4
2810,,1
2811,,1
2812,,0
2813,,4
2814,,3
2815,,0
2816,,1
2817,,2
2818,,3
2819,,3
2820,,1
2821,,1
2822,,2
2823,,1
2824,,0
2825,,3
2826,,1
2827,,2
2828,,2
2829,,2
2830,,2
2831,,2
2832,,1
2833,,3
2834,,1
2835,,3
2836,,0
2837,,0
2838,,0
2839,,0
2840,,0
2841,,1
2842,,3
2843,,0
2844,,1
2845,,4
2846,,1
2847,,1
2848,,3
2849,,1
2850,,1
2851,,1
2852,,3
2853,,4
2854,,1
2855,,3
2856,,2
2857,,2
2858,,3
2859,,2
2860,,2
2861,,3
2862,,2
2863,,0
2864,,4
2865,,3
2866,,1
2867,,1
2868,,0
2869,,3
2870,,3
2871,,4
2872,,2
2873,,2
2874,,0
2875,,3
2876,,4
2877,,4
2878,,3
2879,,4
2880,,3
2881,,1
2882,,1
2883,,2
2884,,4
2885,,0
2886,,0
2887,,1
2888,,2
2889,,1
2890,,1
2891,,4
2892,,1
2893,,4
2894,,1
2895,,2
2896,,0
2897,,2
2898,,1
2899,,0
2900,,2
2901,,0
2902,,4
2903,,1
2904,,0
2905,,3
2906,,2
2907,,3
2908,,0
2909,,2
2910,,0
2911,,3
2912,,2
2913,,2
2914,,2
2915,,4
2916,,4
2917,,3
2918,,3
2919,,4
2920,,1
2921,,3
2922,,2
2923,,2
2924,,3
2925,,2
2926,,2
2927,,2
2928,,1
2929,,3
2930,,4
2931,,1
2932,,2
2933,,1
2934,,2
2935,,1
2936,,1
2937,,0
2938,,1
2939,,2
2940,,1
2941,,1
2942,,3
2943,,3
2944,,3
2945,,0
2946,,2
2947,,1
2948,,1
2949,,0
2950,,1
2951,,3
2952,,4
2953,,1
2954,,1
2955,,3
2956,,1
2957,,2
2958,,1
2959,,2
2960,,2
2961,,0
2962,,3
2963,,1
2964,,3
2965,,0
2966,,3
2967,,0
2968,,3
2969,,3
2970,,3
2971,,2
2972,,1
2973,,1
2974,,2
2975,,3
2976,,1
2977,,2
2978,,2
2979,,3
2980,,1
2981,,4
2982,,4
2983,,3
2984,,1
2985,,4
2986,,2
2987,,1
2988,,3
2989,,1
2990,,1
2991,,4
2992,,3
2993,,0
2994,,1
2995,,0
2996,,3
2997,,3
2998,,4
2999,,3
3000,,2
3001,,0
3002,,2
3003,,2
3004,,3
3005,,3
3006,,1
3007,,1
3008,,0
3009,,3
3010,,1
3011,,0
3012,,0
3013,,1
3014,,4
3015,,0
3016,,2
3017,,3
3018,,3
3019,,4
3020,,1
3021,,1
3022,,1
3023,,1
3024,,2
3025,,1
3026,,0
3027,,1
3028,,2
3029,,3
3030,,3
3031,,4
3032,,3
3033,,2
3034,,3
3035,,0
3036,,1
3037,,3
3038,,0
3039,,1
3040,,1
3041,,1
3042,,0
3043,,4
3044,,0
3045,,1
3046,,3
3047,,4
3048,,4
3049,,2
3050,,0
3051,,4
3052,,2
3053,,1
3054,,2
3055,,0
3056,,2
3057,,4
3058,,2
3059,,0
3060,,3
3061,,0
3062,,1
3063,,3
3064,,3
3065,,0
3066,,3
3067,,4
3068,,1
3069,,3
3070,,0
3071,,1
3072,,0
3073,,4
3074,,2
3075,,2
3076,,1
3077,,4
3078,,2
3079,,3
3080,,1
3081,,1
3082,,4
3083,,4
3084,,3
3085,,3
3086,,2
3087,,2
3088,,4
3089,,1
3090,,3
3091,,4
3092,,1
3093,,4
3094,,0
3095,,1
3096,,0
3097,,4
3098,,3
3099,,1
3100,,2
3101,,3
3102,,3
3103,,2
3104,,2
3105,,3
3106,,1
3107,,2
3108,,1
3109,,0
3110,,4
3111,,1
3112,,3
3113,,3
3114,,1
3115,,0
3116,,3
3117,,3
3118,,3
3119,,2
3120,,4
3121,,1
3122,,2
3123,,3
3124,,3
3125,,2
3126,,1
3127,,0
3128,,3
3129,,2
3130,,3
3131,,2
3132,,0
3133,,2
3134,,1
3135,,4
3136,,3
3137,,1
3138,,3
3139,,3
3140,,2
3141,,2
3142,,4
3143,,4
3144,,3
3145,,0
3146,,4
3147,,3
3148,,3
3149,,3
3150,,3
3151,,1
3152,,2
3153,,1
3154,,3
3155,,0
3156,,3
3157,,4
3158,,1
3159,,0
3160,,3
3161,,1
3162,,3
3163,,1
3164,,2
3165,,3
3166,,1
3167,,2
3168,,1
3169,,3
3170,,3
3171,,1
3172,,3
3173,,2
3174,,3
3175,,2
3176,,1
3177,,3
3178,,3
3179,,4
3180,,3
3181,,2
3182,,1
3183,,0
3184,,3
3185,,3
3186,,1
3187,,2
3188,,4
3189,,2
3190,,2
3191,,3
3192,,0
3193,,4
3194,,2
3195,,3
3196,,1
3197,,3
3198,,0
3199,,1
3200,,1
3201,,4
3202,,4
3203,,4
3204,,3
3205,,1
3206,,2
3207,,3
3208,,1
3209,,1
3210,,1
3211,,1
3212,,3
3213,,3
3214,,1
3215,,3
3216,,4
3217,,4
3218,,3
3219,,0
3220,,3
3221,,1
3222,,4
3223,,1
3224,,3
3225,,2
3226,,3
3227,,2
3228,,4
3229,,3
3230,,4
3231,,2
3232,,3
3233,,3
3234,,2
3235,,4
3236,,1
3237,,2
3238,,2
3239,,1
3240,,3
3241,,1
3242,,1
3243,,2
3244,,3
3245,,1
3246,,3
3247,,2
3248,,2
3249,,2
3250,,1
3251,,1
3252,,1
3253,,1
3254,,0
3255,,4
3256,,3
3257,,3
3258,,1
3259,,2
3260,,3
3261,,4
3262,,1
3263,,2
3264,,0
3265,,1
3266,,2
3267,,4
3268,,3
3269,,3
3270,,4
3271,,1
3272,,3
3273,,0
3274,,4
3275,,3
3276,,1
3277,,2
3278,,2
3279,,3
3280,,2
3281,,1
3282,,3
3283,,3
3284,,4
3285,,1
3286,,1
3287,,2
3288,,4
3289,,2
3290,,3
3291,,3
3292,,3
3293,,2
3294,,2
3295,,1
3296,,3
3297,,0
3298,,2
3299,,2
3300,,1
3301,,1
3302,,3
3303,,2
3304,,1
3305,,4
3306,,0
3307,,3
3308,,3
3309,,1
3310,,3
3311,,4
3312,,4
3313,,0
3314,,3
3315,,1
3316,,2
3317,,3
3318,,3
3319,,0
3320,,3
3321,,3
3322,,3
3323,,0
3324,,0
3325,,0
3326,,3
3327,,3
3328,,2
3329,,2
3330,,1
3331,,1
3332,,3
3333,,1
3334,,2
3335,,3
3336,,0
3337,,0
3338,,0
3339,,1
3340,,1
3341,,1
3342,,1
3343,,1
3344,,1
3345,,2
3346,,4
3347,,3
3348,,3
3349,,4
3350,,1
3351,,2
3352,,3
3353,,4
3354,,4
3355,,4
3356,,3
3357,,4
3358,,4
3359,,4
3360,,2
3361,,2
3362,,3
3363,,4
3364,,3
3365,,2
3366,,3
3367,,2
3368,,3
3369,,4
3370,,3
3371,,3
3372,,1
3373,,2
3374,,2
3375,,0
3376,,1
3377,,3
3378,,3
3379,,3
3380,,3
3381,,4
3382,,1
3383,,4
3384,,0
3385,,0
3386,,0
3387,,2
3388,,0
3389,,3
3390,,4
3391,,1
3392,,3
3393,,1
3394,,3
3395,,1
3396,,2
3397,,3
3398,,4
3399,,3
3400,,1
3401,,3
3402,,2
3403,,3
3404,,1
3405,,1
3406,,4
3407,,1
3408,,0
3409,,1
3410,,1
3411,,0
3412,,3
3413,,1
3414,,4
3415,,2
3416,,4
3417,,1
3418,,2
3419,,1
3420,,3
3421,,1
3422,,1
3423,,4
3424,,1
3425,,1
3426,,4
3427,,2
3428,,0
3429,,2
3430,,1
3431,,1
3432,,0
3433,,3
3434,,3
3435,,2
3436,,2
3437,,4
3438,,3
3439,,3
3440,,2
3441,,3
3442,,1
3443,,4
3444,,3
3445,,3
3446,,3
3447,,3
3448,,1
3449,,3
3450,,2
3451,,1
3452,,2
3453,,1
3454,,1
3455,,1
3456,,1
3457,,2
3458,,3
3459,,2
3460,,4
3461,,1
3462,,1
3463,,2
3464,,1
3465,,2
3466,,1
3467,,3
3468,,1
3469,,2
3470,,1
3471,,2
3472,,4
3473,,2
3474,,0
3475,,1
3476,,3
3477,,3
3478,,4
3479,,4
3480,,2
3481,,0
3482,,3
3483,,3
3484,,2
3485,,2
3486,,4
3487,,3
3488,,3
3489,,2
3490,,0
3491,,0
3492,,2
3493,,3
3494,,0
3495,,2
3496,,2
3497,,0
3498,,0
3499,,1
3500,,1
3501,,4
3502,,1
3503,,1
3504,,3
3505,,1
3506,,1
3507,,1
3508,,1
3509,,4
3510,,3
3511,,2
3512,,4
3513,,0
3514,,1
3515,,1
3516,,2
3517,,1
3518,,0
3519,,3
3520,,3
3521,,1
3522,,2
3523,,3
3524,,0
3525,,1
3526,,2
3527,,1
3528,,3
3529,,2
3530,,2
3531,,1
3532,,1
3533,,1
3534,,4
3535,,3
3536,,3
3537,,0
3538,,3
3539,,3
3540,,1
3541,,2
3542,,1
3543,,2
3544,,1
3545,,2
3546,,2
3547,,4
3548,,4
3549,,3
3550,,4
3551,,3
3552,,4
3553,,2
3554,,0
3555,,3
3556,,0
3557,,4
3558,,2
3559,,4
3560,,0
3561,,2
3562,,3
3563,,0
3564,,3
3565,,2
3566,,1
3567,,1
3568,,3
3569,,1
3570,,1
3571,,2
3572,,0
3573,,4
3574,,0
3575,,3
3576,,1
3577,,3
3578,,1
3579,,4
3580,,3
3581,,3
3582,,2
3583,,2
3584,,1
3585,,3
3586,,2
3587,,0
3588,,3
3589,,3
3590,,0
3591,,3
3592,,2
3593,,4
3594,,1
3595,,1
3596,,2
3597,,3
3598,,1
3599,,2
3600,,1
3601,,3
3602,,2
3603,,2
3604,,3
3605,,4
3606,,2
3607,,2
3608,,3
3609,,2
3610,,1
3611,,3
3612,,2
3613,,3
3614,,1
3615,,0
3616,,4
3617,,4
3618,,2
3619,,1
3620,,1
3621,,1
3622,,0
3623,,3
3624,,0
3625,,3
3626,,3
3627,,2
3628,,0
3629,,1
3630,,1
3631,,1
3632,,4
3633,,2
3634,,3
3635,,4
3636,,2
3637,,3
3638,,4
3639,,2
3640,,1
3641,,3
3642,,3
3643,,4
3644,,1
3645,,2
3646,,2
3647,,2
3648,,2
3649,,1
3650,,1
3651,,1
3652,,4
3653,,4
3654,,0
3655,,0
3656,,4
3657,,4
3658,,1
3659,,3
3660,,0
3661,,2
3662,,0
3663,,3
3664,,3
3665,,3
3666,,3
3667,,4
3668,,2
3669,,3
3670,,1
3671,,2
3672,,4
3673,,4
3674,,2
3675,,2
3676,,4
3677,,1
3678,,3
3679,,0
3680,,1
3681,,3
3682,,1
3683,,3
3684,,4
3685,,3
3686,,0
3687,,0
3688,,1
3689,,3
3690,,1
3691,,1
3692,,3
3693,,2
3694,,4
3695,,1
3696,,1
3697,,0
3698,,3
3699,,4
3700,,1
3701,,4
3702,,3
3703,,2
3704,,2
3705,,1
3706,,3
3707,,0
3708,,1
3709,,3
3710,,4
3711,,0
3712,,4
3713,,3
3714,,1
3715,,3
3716,,1
3717,,3
3718,,1
3719,,3
3720,,4
3721,,2
3722,,1
3723,,2
3724,,1
3725,,0
3726,,0
3727,,3
3728,,1
3729,,3
3730,,0
3731,,3
3732,,2
3733,,3
3734,,3
3735,,1
3736,,2
3737,,3
3738,,1
3739,,3
3740,,3
3741,,3
3742,,1
3743,,0
3744,,3
3745,,3
3746,,3
3747,,2
3748,,4
3749,,2
3750,,1
3751,,2
3752,,3
3753,,4
3754,,1
3755,,3
3756,,2
3757,,3
3758,,1
3759,,1
3760,,3
3761,,1
3762,,3
3763,,3
3764,,2
3765,,3
3766,,3
3767,,3
3768,,4
3769,,1
3770,,2
3771,,1
3772,,3
3773,,3
3774,,1
3775,,3
3776,,1
3777,,3
3778,,3
3779,,3
3780,,2
3781,,1
3782,,1
3783,,0
3784,,3
3785,,1
3786,,4
3787,,4
3788,,1
3789,,4
3790,,0
3791,,3
3792,,0
3793,,4
3794,,2
3795,,4
3796,,0
3797,,3
3798,,3
3799,,2
3800,,0
3801,,4
3802,,2
3803,,0
3804,,4
3805,,3
3806,,2
3807,,0
3808,,4
3809,,1
3810,,0
3811,,4
3812,,1
3813,,4
3814,,1
3815,,0
3816,,3
3817,,3
3818,,3
3819,,3
3820,,0
3821,,4
3822,,1
3823,,3
3824,,2
3825,,2
3826,,4
3827,,3
3828,,1
3829,,4
3830,,0
3831,,3
3832,,1
3833,,2
3834,,1
3835,,3
3836,,3
3837,,1
3838,,0
3839,,2
3840,,0
3841,,3
3842,,3
3843,,3
3844,,2
3845,,1
3846,,1
3847,,0
3848,,1
3849,,2
3850,,0
3851,,3
3852,,0
3853,,1
3854,,1
3855,,4
3856,,1
3857,,3
3858,,0
3859,,3
3860,,2
3861,,4
3862,,3
3863,,3
3864,,1
3865,,3
3866,,0
3867,,3
3868,,3
3869,,3
3870,,3
3871,,3
3872,,4
3873,,2
3874,,1
3875,,2
3876,,4
3877,,1
3878,,1
3879,,3
3880,,2
3881,,3
3882,,2
3883,,1
3884,,1
3885,,3
3886,,1
3887,,4
3888,,0
3889,,1
3890,,2
3891,,1
3892,,0
3893,,4
3894,,0
3895,,4
3896,,1
3897,,0
3898,,3
3899,,1
3900,,2
3901,,4
3902,,2
3903,,2
3904,,1
3905,,3
3906,,2
3907,,3
3908,,1
3909,,4
3910,,1
3911,,3
3912,,3
3913,,3
3914,,3
3915,,3
3916,,2
3917,,0
3918,,1
3919,,3
3920,,1
3921,,0
3922,,2
3923,,0
3924,,2
3925,,1
3926,,4
3927,,3
3928,,2
3929,,4
3930,,2
3931,,3
3932,,0
3933,,3
3934,,2
3935,,1
3936,,1
3937,,1
3938,,4
3939,,2
3940,,3
3941,,1
3942,,4
3943,,4
3944,,1
3945,,1
3946,,4
3947,,0
3948,,1
3949,,3
3950,,0
3951,,1
3952,,0
3953,,3
3954,,2
3955,,1
3956,,3
3957,,1
3958,,1
3959,,1
3960,,2
3961,,3
3962,,2
3963,,2
3964,,1
3965,,2
3966,,1
3967,,1
3968,,2
3969,,3
3970,,3
3971,,1
3972,,0
3973,,4
3974,,4
3975,,1
3976,,0
3977,,1
3978,,4
3979,,2
3980,,3
3981,,1
3982,,3
3983,,2
3984,,1
3985,,3
3986,,1
3987,,3
3988,,4
3989,,0
3990,,0
3991,,2
3992,,3
3993,,4
3994,,1
3995,,3
3996,,4
3997,,2
3998,,3
3999,,1
4000,,1
4001,,2
4002,,1
4003,,1
4004,,3
4005,,2
4006,,3
4007,,2
4008,,2
4009,,3
4010,,4
4011,,3
4012,,0
4013,,1
4014,,3
4015,,3
4016,,0
4017,,1
4018,,0
4019,,2
4020,,3
4021,,1
4022,,3
4023,,3
4024,,4
4025,,0
4026,,1
4027,,1
4028,,3
4029,,1
4030,,1
4031,,2
4032,,3
4033,,4
4034,,3
4035,,2
4036,,4
4037,,2
4038,,1
4039,,3
4040,,3
4041,,3
4042,,3
4043,,4
4044,,0
4045,,0
4046,,3
4047,,3
4048,,1
4049,,3
4050,,3
4051,,3
4052,,4
4053,,1
4054,,3
4055,,4
4056,,3
4057,,4
4058,,2
4059,,2
4060,,3
4061,,2
4062,,2
4063,,4
4064,,1
4065,,3
4066,,4
4067,,0
4068,,0
4069,,4
4070,,3
4071,,4
4072,,0
4073,,3
4074,,1
4075,,1
4076,,1
4077,,1
4078,,1
4079,,2
4080,,3
4081,,1
4082,,3
4083,,1
4084,,3
4085,,1
4086,,4
4087,,0
4088,,0
4089,,1
4090,,4
4091,,3
4092,,2
4093,,2
4094,,3
4095,,0
4096,,4
4097,,4
4098,,3
4099,,3
4100,,1
4101,,1
4102,,3
4103,,2
4104,,2
4105,,2
4106,,4
4107,,3
4108,,4
4109,,3
4110,,3
4111,,2
4112,,2
4113,,1
4114,,4
4115,,1
4116,,3
4117,,4
4118,,4
4119,,0
4120,,3
4121,,3
4122,,1
4123,,3
4124,,3
4125,,3
4126,,2
4127,,2
4128,,2
4129,,3
4130,,0
4131,,3
4132,,4
4133,,4
4134,,2
4135,,0
4136,,3
4137,,2
4138,,1
4139,,3
4140,,0
4141,,1
4142,,1
4143,,3
4144,,1
4145,,3
4146,,3
4147,,0
4148,,3
4149,,1
4150,,0
4151,,1
4152,,2
4153,,3
4154,,0
4155,,4
4156,,3
4157,,1
4158,,4
4159,,3
4160,,4
4161,,0
4162,,3
4163,,4
4164,,1
4165,,1
4166,,3
4167,,3
4168,,0
4169,,3
4170,,0
4171,,3
4172,,4
4173,,3
4174,,1
4175,,3
4176,,4
4177,,2
4178,,1
4179,,3
4180,,1
4181,,1
4182,,0
4183,,3
4184,,1
4185,,3
4186,,1
4187,,1
4188,,2
4189,,3
4190,,3
4191,,3
4192,,1
4193,,3
4194,,1
4195,,0
4196,,1
4197,,2
4198,,0
4199,,2
4200,,2
4201,,0
4202,,4
4203,,3
4204,,4
4205,,2
4206,,3
4207,,4
4208,,4
4209,,3
4210,,1
4211,,2
4212,,2
4213,,1
4214,,1
4215,,3
4216,,2
4217,,3
4218,,2
4219,,1
4220,,0
4221,,0
4222,,0
4223,,3
4224,,4
4225,,3
4226,,1
4227,,1
4228,,0
4229,,3
4230,,1
4231,,3
4232,,2
4233,,1
4234,,1
4235,,4
4236,,1
4237,,3
4238,,1
4239,,1
4240,,1
4241,,3
4242,,3
4243,,3
4244,,0
4245,,0
4246,,4
4247,,0
4248,,1
4249,,3
4250,,3
4251,,1
4252,,3
4253,,2
4254,,2
4255,,1
4256,,3
4257,,4
4258,,4
4259,,3
4260,,1
4261,,4
4262,,2
4263,,1
4264,,1
4265,,3
4266,,3
4267,,3
4268,,1
4269,,1
4270,,0
4271,,1
4272,,0
4273,,3
4274,,1
4275,,0
4276,,1
4277,,3
4278,,0
4279,,1
4280,,4
4281,,3
4282,,3
4283,,3
4284,,1
4285,,2
4286,,3
4287,,2
4288,,0
4289,,0
4290,,1
4291,,2
4292,,1
4293,,2
4294,,1
4295,,3
4296,,3
4297,,1
4298,,1
4299,,2
4300,,0
4301,,0
4302,,1
4303,,1
4304,,2
4305,,4
4306,,3
4307,,2
4308,,1
4309,,3
4310,,3
4311,,2
4312,,1
4313,,1
4314,,2
4315,,4
4316,,0
4317,,1
4318,,4
4319,,4
4320,,1
4321,,2
4322,,0
4323,,2
4324,,1
4325,,1
4326,,1
4327,,1
4328,,3
4329,,2
4330,,2
4331,,1
4332,,3
4333,,2
4334,,2
4335,,4
4336,,3
4337,,3
4338,,1
4339,,1
4340,,2
4341,,1
4342,,1
4343,,4
4344,,1
4345,,2
4346,,2
4347,,3
4348,,3
4349,,1
4350,,0
4351,,2
4352,,2
4353,,3
4354,,3
4355,,2
4356,,0
4357,,0
4358,,2
4359,,3
4360,,0
4361,,1
4362,,0
4363,,3
4364,,1
4365,,1
4366,,3
4367,,2
4368,,3
4369,,0
4370,,4
4371,,3
4372,,1
4373,,4
4374,,4
4375,,3
4376,,1
4377,,4
4378,,2
4379,,2
4380,,1
4381,,2
4382,,1
4383,,1
4384,,3
4385,,1
4386,,3
4387,,4
4388,,1
4389,,3
4390,,3
4391,,3
4392,,2
4393,,1
4394,,0
4395,,4
4396,,1
4397,,4
4398,,2
4399,,2
4400,,0
4401,,3
4402,,3
4403,,1
4404,,1
4405,,1
4406,,2
4407,,0
4408,,2
4409,,1
4410,,0
4411,,3
4412,,4
4413,,1
4414,,3
4415,,3
4416,,1
4417,,1
4418,,4
4419,,1
4420,,2
4421,,4
4422,,4
4423,,4
4424,,3
4425,,2
4426,,1
4427,,2
4428,,1
4429,,0
4430,,1
4431,,3
4432,,3
4433,,3
4434,,1
4435,,1
4436,,0
4437,,4
4438,,3
4439,,0
4440,,0
4441,,2
4442,,1
4443,,1
4444,,3
4445,,3
4446,,3
4447,,3
4448,,2
4449,,0
4450,,0
4451,,3
4452,,1
4453,,3
4454,,2
4455,,3
4456,,0
4457,,1
4458,,1
4459,,1
4460,,3
4461,,3
4462,,4
4463,,2
4464,,3
4465,,0
4466,,4
4467,,1
4468,,0
4469,,4
4470,,1
4471,,3
4472,,1
4473,,1
4474,,0
4475,,3
4476,,3
4477,,1
4478,,3
4479,,1
4480,,3
4481,,3
4482,,0
4483,,4
4484,,3
4485,,0
4486,,3
4487,,2
4488,,4
4489,,3
4490,,2
4491,,2
4492,,3
4493,,2
4494,,2
4495,,0
4496,,4
4497,,4
4498,,1
4499,,3
4500,,3
4501,,1
4502,,0
4503,,1
4504,,1
4505,,3
4506,,2
4507,,4
4508,,2
4509,,2
4510,,1
4511,,4
4512,,0
4513,,3
4514,,3
4515,,3
4516,,4
4517,,2
4518,,4
4519,,1
4520,,2
4521,,2
4522,,3
4523,,0
4524,,3
4525,,2
4526,,0
4527,,3
4528,,0
4529,,3
4530,,3
4531,,1
4532,,0
4533,,1
4534,,3
4535,,0
4536,,1
4537,,4
4538,,3
4539,,1
4540,,0
4541,,3
4542,,1
4543,,3
4544,,1
4545,,3
4546,,1
4547,,3
4548,,3
4549,,3
4550,,4
4551,,4
4552,,1
4553,,3
4554,,3
4555,,4
4556,,2
4557,,3
4558,,2
4559,,3
4560,,3
4561,,1
4562,,1
4563,,4
4564,,3
4565,,1
4566,,0
4567,,1
4568,,1
4569,,1
4570,,3
4571,,4
4572,,2
4573,,3
4574,,4
4575,,1
4576,,4
4577,,2
4578,,1
4579,,4
4580,,1
4581,,0
4582,,1
4583,,0
4584,,4
4585,,2
4586,,1
4587,,2
4588,,1
4589,,1
4590,,1
4591,,4
4592,,4
4593,,4
4594,,2
4595,,3
4596,,1
4597,,3
4598,,2
4599,,3
4600,,1
4601,,2
4602,,4
4603,,1
4604,,1
4605,,1
4606,,1
4607,,1
4608,,1
4609,,4
4610,,3
4611,,4
4612,,2
4613,,3
4614,,2
4615,,1
4616,,4
4617,,3
4618,,3
4619,,3
4620,,2
4621,,1
4622,,3
4623,,3
4624,,1
4625,,4
4626,,4
4627,,3
4628,,3
4629,,4
4630,,0
4631,,3
4632,,2
4633,,2
4634,,0
4635,,4
4636,,1
4637,,2
4638,,3
4639,,2
4640,,2
4641,,1
4642,,3
4643,,3
4644,,0
4645,,1
4646,,4
4647,,0
4648,,3
4649,,1
4650,,3
4651,,2
4652,,2
4653,,0
4654,,0
4655,,4
4656,,3
4657,,3
4658,,2
4659,,2
4660,,1
4661,,0
4662,,2
4663,,2
4664,,1
4665,,1
4666,,4
4667,,1
4668,,3
4669,,0
4670,,0
4671,,3
4672,,3
4673,,2
4674,,1
4675,,3
4676,,2
4677,,2
4678,,3
4679,,1
4680,,2
4681,,3
4682,,3
4683,,1
4684,,4
4685,,2
4686,,1
4687,,3
4688,,1
4689,,1
4690,,3
4691,,0
4692,,0
4693,,2
4694,,1
4695,,0
4696,,1
4697,,4
4698,,3
4699,,4
4700,,3
4701,,0
4702,,3
4703,,1
4704,,2
4705,,1
4706,,3
4707,,1
4708,,1
4709,,0
4710,,1
4711,,1
4712,,1
4713,,4
4714,,3
4715,,4
4716,,3
4717,,4
4718,,3
4719,,3
4720,,2
4721,,0
4722,,2
4723,,2
4724,,2
4725,,0
4726,,1
4727,,2
4728,,3
4729,,4
4730,,2
4731,,3
4732,,1
4733,,0
4734,,1
4735,,2
4736,,3
4737,,2
4738,,3
4739,,0
4740,,2
4741,,3
4742,,1
4743,,2
4744,,3
4745,,4
4746,,2
4747,,1
4748,,1
4749,,2
4750,,3
4751,,3
4752,,3
4753,,0
4754,,2
4755,,1
4756,,1
4757,,2
4758,,2
4759,,2
4760,,3
4761,,0
4762,,4
4763,,1
4764,,3
4765,,1
4766,,2
4767,,1
4768,,3
4769,,1
4770,,0
4771,,1
4772,,3
4773,,3
4774,,2
4775,,3
4776,,1
4777,,0
4778,,0
4779,,2
4780,,4
4781,,1
4782,,1
4783,,1
4784,,4
4785,,4
4786,,0
4787,,3
4788,,4
4789,,4
4790,,2
4791,,1
4792,,2
4793,,2
4794,,2
4795,,2
4796,,3
4797,,3
4798,,1
4799,,2
4800,,1
4801,,2
4802,,0
4803,,1
4804,,1
4805,,1
4806,,0
4807,,2
4808,,0
4809,,1
4810,,1
4811,,4
4812,,1
4813,,2
4814,,1
4815,,2
4816,,1
4817,,3
4818,,2
4819,,1
4820,,3
4821,,1
4822,,2
4823,,1
4824,,1
4825,,1
4826,,1
4827,,2
4828,,4
4829,,0
4830,,2
4831,,2
4832,,3
4833,,3
4834,,4
4835,,3
4836,,2
4837,,2
4838,,0
4839,,1
4840,,0
4841,,4
4842,,0
4843,,3
4844,,2
4845,,3
4846,,2
4847,,1
4848,,2
4849,,3
4850,,3
4851,,4
4852,,3
4853,,2
4854,,1
4855,,1
4856,,4
4857,,0
4858,,1
4859,,3
4860,,3
4861,,3
4862,,0
4863,,2
4864,,1
4865,,1
4866,,3
4867,,3
4868,,0
4869,,3
4870,,4
4871,,4
4872,,3
4873,,1
4874,,1
4875,,3
4876,,3
4877,,3
4878,,3
4879,,2
4880,,2
4881,,2
4882,,1
4883,,2
4884,,3
4885,,4
4886,,1
4887,,4
4888,,2
4889,,2
4890,,4
4891,,1
4892,,2
4893,,4
4894,,0
4895,,0
4896,,3
4897,,3
4898,,2
4899,,1
4900,,2
4901,,1
4902,,3
4903,,3
4904,,1
4905,,1
4906,,1
4907,,2
4908,,0
4909,,3
4910,,4
4911,,2
4912,,2
4913,,1
4914,,3
4915,,3
4916,,3
4917,,2
4918,,2
4919,,1
4920,,1
4921,,4
4922,,3
4923,,1
4924,,0
4925,,3
4926,,2
4927,,1
4928,,3
4929,,3
4930,,1
4931,,4
4932,,2
4933,,2
4934,,3
4935,,2
4936,,0
4937,,0
4938,,0
4939,,4
4940,,1
4941,,1
4942,,1
4943,,2
4944,,2
4945,,1
4946,,3
4947,,1
4948,,2
4949,,3
4950,,2
4951,,2
4952,,0
4953,,2
4954,,3
4955,,1
4956,,1
4957,,4
4958,,3
4959,,3
4960,,3
4961,,1
4962,,3
4963,,3
4964,,1
4965,,2
4966,,2
4967,,1
4968,,3
4969,,3
4970,,0
4971,,4
4972,,2
4973,,4
4974,,1
4975,,1
4976,,2
4977,,1
4978,,1
4979,,2
4980,,2
4981,,4
4982,,3
4983,,3
4984,,3
4985,,1
4986,,2
4987,,1
4988,,4
4989,,4
4990,,3
4991,,2
4992,,4
4993,,3
4994,,0
4995,,3
4996,,1
4997,,4
4998,,1
4999,,3
5000,,2
5001,,2
5002,,4
5003,,3
5004,,3
5005,,3
5006,,2
5007,,3
5008,,1
5009,,3
5010,,1
5011,,0
5012,,1
5013,,3
5014,,0
5015,,1
5016,,4
5017,,4
5018,,2
5019,,3
5020,,0
5021,,4
5022,,2
5023,,2
5024,,3
5025,,2
5026,,4
5027,,1
5028,,1
5029,,1
5030,,2
5031,,0
5032,,3
5033,,4
5034,,3
5035,,0
5036,,1
5037,,3
5038,,3
5039,,0
5040,,0
5041,,3
5042,,1
5043,,1
5044,,3
5045,,2
5046,,2
5047,,4
5048,,2
5049,,0
5050,,3
5051,,1
5052,,1
5053,,2
5054,,0
5055,,2
5056,,4
5057,,4
5058,,0
5059,,2
5060,,3
5061,,3
5062,,2
5063,,1
5064,,3
5065,,4
5066,,1
5067,,3
5068,,3
5069,,1
5070,,1
5071,,2
5072,,1
5073,,3
5074,,0
5075,,2
5076,,2
5077,,3
5078,,1
5079,,0
5080,,3
5081,,2
5082,,1
5083,,1
5084,,2
5085,,4
5086,,2
5087,,2
5088,,3
5089,,3
5090,,3
5091,,1
5092,,4
5093,,4
5094,,2
5095,,4
5096,,1
5097,,4
5098,,1
5099,,2
5100,,3
5101,,0
5102,,2
5103,,4
5104,,3
5105,,3
5106,,1
5107,,1
5108,,3
5109,,2
5110,,1
5111,,0
5112,,0
5113,,1
5114,,2
5115,,2
5116,,2
5117,,1
5118,,1
5119,,4
5120,,1
5121,,1
5122,,3
5123,,4
5124,,3
5125,,4
5126,,3
5127,,3
5128,,4
5129,,1
5130,,0
5131,,1
5132,,2
5133,,0
5134,,0
5135,,2
5136,,4
5137,,0
5138,,4
5139,,2
5140,,2
5141,,1
5142,,1
5143,,1
5144,,3
5145,,1
5146,,4
5147,,3
5148,,3
5149,,2
5150,,1
5151,,1
5152,,3
5153,,3
5154,,2
5155,,4
5156,,3
5157,,0
5158,,1
5159,,3
5160,,2
5161,,4
5162,,3
5163,,2
5164,,2
5165,,2
5166,,1
5167,,1
5168,,1
5169,,4
5170,,2
5171,,0
5172,,2
5173,,1
5174,,1
5175,,3
5176,,1
5177,,3
5178,,2
5179,,2
5180,,2
5181,,0
5182,,1
5183,,0
5184,,0
5185,,1
5186,,4
5187,,3
5188,,2
5189,,0
5190,,3
5191,,3
5192,,2
5193,,3
5194,,4
5195,,1
5196,,4
5197,,3
5198,,1
5199,,2
5200,,3
5201,,1
5202,,0
5203,,1
5204,,3
5205,,4
5206,,4
5207,,2
5208,,0
5209,,3
5210,,1
5211,,1
5212,,4
5213,,4
5214,,3
5215,,3
5216,,2
5217,,2
5218,,2
5219,,0
5220,,1
5221,,3
5222,,3
5223,,3
5224,,3
5225,,3
5226,,2
5227,,4
5228,,2
5229,,2
5230,,3
5231,,2
5232,,1
5233,,4
5234,,2
5235,,2
5236,,4
5237,,1
5238,,1
5239,,3
5240,,1
5241,,3
5242,,3
5243,,1
5244,,2
5245,,2
5246,,4
5247,,4
5248,,3
5249,,1
5250,,3
5251,,0
5252,,1
5253,,2
5254,,3
5255,,2
5256,,3
5257,,2
5258,,4
5259,,0
5260,,0
5261,,2
5262,,0
5263,,0
5264,,1
5265,,1
5266,,4
5267,,2
5268,,0
5269,,0
5270,,1
5271,,1
5272,,0
5273,,1
5274,,1
5275,,1
5276,,3
5277,,2
5278,,4
5279,,2
5280,,1
5281,,1
5282,,4
5283,,0
5284,,1
5285,,3
5286,,3
5287,,2
5288,,4
5289,,2
5290,,3
5291,,3
5292,,2
5293,,2
5294,,0
5295,,4
5296,,3
5297,,4
5298,,4
5299,,1
5300,,2
5301,,4
5302,,3
5303,,1
5304,,3
5305,,2
5306,,0
5307,,1
5308,,0
5309,,0
5310,,1
5311,,4
5312,,1
5313,,3
5314,,2
5315,,1
5316,,4
5317,,2
5318,,1
5319,,4
5320,,1
5321,,0
5322,,1
5323,,0
5324,,3
5325,,3
5326,,1
5327,,4
5328,,3
5329,,2
5330,,1
5331,,3
5332,,1
5333,,2
5334,,3
5335,,3
5336,,4
5337,,4
5338,,3
5339,,2
5340,,4
5341,,0
5342,,4
5343,,0
5344,,4
5345,,3
5346,,0
5347,,1
5348,,0
5349,,1
5350,,2
5351,,2
5352,,3
5353,,2
5354,,2
5355,,1
5356,,2
5357,,1
5358,,1
5359,,1
5360,,3
5361,,1
5362,,4
5363,,1
5364,,3
5365,,1
5366,,2
5367,,0
5368,,2
5369,,1
5370,,4
5371,,1
5372,,2
5373,,1
5374,,2
5375,,0
5376,,3
5377,,2
5378,,4
5379,,3
5380,,2
5381,,2
5382,,3
5383,,3
5384,,3
5385,,0
5386,,0
5387,,3
5388,,4
5389,,2
5390,,0
5391,,3
5392,,2
5393,,2
5394,,3
5395,,3
5396,,4
5397,,3
5398,,4
5399,,2
5400,,4
5401,,1
5402,,3
5403,,3
5404,,0
5405,,0
5406,,4
5407,,1
5408,,3
5409,,0
5410,,4
5411,,3
5412,,3
5413,,3
5414,,3
5415,,0
5416,,0
5417,,1
5418,,0
5419,,3
5420,,2
5421,,4
5422,,2
5423,,3
5424,,4
5425,,0
5426,,4
5427,,3
5428,,1
5429,,2
5430,,2
5431,,4
5432,,2
5433,,3
5434,,2
5435,,0
5436,,3
5437,,0
5438,,0
5439,,3
5440,,3
5441,,3
5442,,1
5443,,2
5444,,1
5445,,3
5446,,1
5447,,3
5448,,2
5449,,1
5450,,2
5451,,3
5452,,1
5453,,4
5454,,2
5455,,1
5456,,1
5457,,2
5458,,2
5459,,2
5460,,0
5461,,0
5462,,4
5463,,4
5464,,1
5465,,0
5466,,1
5467,,4
5468,,0
5469,,0
5470,,1
5471,,3
5472,,3
5473,,1
5474,,4
5475,,3
5476,,3
5477,,4
5478,,2
5479,,3
5480,,3
5481,,0
5482,,3
5483,,1
5484,,4
5485,,0
5486,,3
5487,,1
5488,,1
5489,,3
5490,,4
5491,,3
5492,,1
5493,,1
5494,,0
5495,,4
5496,,1
5497,,3
5498,,0
5499,,1
5500,,3
5501,,0
5502,,1
5503,,4
5504,,0
5505,,1
5506,,3
5507,,3
5508,,2
5509,,1
5510,,2
5511,,3
5512,,3
5513,,1
5514,,1
5515,,3
5516,,1
5517,,2
5518,,1
5519,,4
5520,,2
5521,,2
5522,,1
5523,,2
5524,,2
5525,,3
5526,,2
5527,,3
5528,,1
5529,,4
5530,,1
5531,,4
5532,,2
5533,,0
5534,,3
5535,,1
5536,,0
5537,,4
5538,,2
5539,,2
5540,,3
5541,,1
5542,,1
5543,,4
5544,,0
5545,,3
5546,,1
5547,,2
5548,,3
5549,,1
5550,,3
5551,,1
5552,,0
5553,,3
5554,,1
5555,,4
5556,,3
5557,,1
5558,,3
5559,,3
5560,,1
5561,,1
5562,,1
5563,,1
5564,,3
5565,,1
5566,,1
5567,,2
5568,,4
5569,,0
5570,,3
5571,,4
5572,,1
5573,,1
5574,,1
5575,,4
5576,,1
5577,,1
5578,,2
5579,,2
5580,,4
5581,,2
5582,,4
5583,,4
5584,,3
5585,,3
5586,,1
5587,,1
5588,,3
5589,,2
5590,,3
5591,,1
5592,,4
5593,,2
5594,,1
5595,,3
5596,,4
5597,,0
5598,,3
5599,,0
5600,,0
5601,,3
5602,,3
5603,,3
5604,,0
5605,,1
5606,,1
5607,,4
5608,,2
5609,,2
5610,,4
5611,,3
5612,,3
5613,,4
5614,,0
5615,,1
5616,,4
5617,,3
5618,,4
5619,,2
5620,,1
5621,,3
5622,,3
5623,,1
5624,,3
5625,,4
5626,,3
5627,,3
5628,,3
5629,,0
5630,,2
5631,,2
5632,,2
5633,,1
5634,,4
5635,,0
5636,,0
5637,,0
5638,,0
5639,,3
5640,,1
5641,,4
5642,,0
5643,,1
5644,,1
5645,,3
5646,,4
5647,,2
5648,,1
5649,,3
5650,,3
5651,,0
5652,,0
5653,,1
5654,,3
5655,,4
5656,,3
5657,,1
5658,,1
5659,,0
5660,,3
5661,,1
5662,,0
5663,,1
5664,,0
5665,,0
5666,,1
5667,,4
5668,,1
5669,,2
5670,,1
5671,,4
5672,,1
5673,,0
5674,,4
5675,,4
5676,,2
5677,,0
5678,,3
5679,,3
5680,,1
5681,,1
5682,,2
5683,,0
5684,,3
5685,,3
5686,,0
5687,,1
5688,,3
5689,,1
5690,,2
5691,,3
5692,,4
5693,,4
5694,,1
5695,,3
5696,,0
5697,,1
5698,,4
5699,,2
5700,,3
5701,,4
5702,,3
5703,,0
5704,,3
5705,,2
5706,,3
5707,,1
5708,,4
5709,,1
5710,,4
5711,,4
5712,,2
5713,,1
5714,,2
5715,,1
5716,,1
5717,,0
5718,,1
5719,,1
5720,,4
5721,,1
5722,,2
5723,,2
5724,,3
5725,,3
5726,,0
5727,,3
5728,,0
5729,,1
5730,,4
5731,,1
5732,,2
5733,,1
5734,,2
5735,,1
5736,,1
5737,,0
5738,,2
5739,,0
5740,,3
5741,,1
5742,,4
5743,,4
5744,,4
5745,,4
5746,,4
5747,,4
5748,,1
5749,,4
5750,,1
5751,,3
5752,,3
5753,,4
5754,,4
5755,,4
5756,,3
5757,,2
5758,,3
5759,,0
5760,,1
5761,,3
5762,,0
5763,,3
5764,,3
5765,,1
5766,,3
5767,,1
5768,,3
5769,,2
5770,,3
5771,,3
5772,,2
5773,,4
5774,,0
5775,,2
5776,,3
5777,,3
5778,,2
5779,,1
5780,,0
5781,,1
5782,,3
5783,,1
5784,,3
5785,,4
5786,,0
5787,,3
5788,,3
5789,,0
5790,,1
5791,,0
5792,,3
5793,,1
5794,,4
5795,,2
5796,,3
5797,,2
5798,,3
5799,,2
5800,,1
5801,,3
5802,,1
5803,,3
5804,,3
5805,,0
5806,,0
5807,,3
5808,,4
5809,,2
5810,,1
5811,,3
5812,,1
5813,,3
5814,,1
5815,,1
5816,,2
5817,,2
5818,,2
5819,,1
5820,,4
5821,,4
5822,,1
5823,,4
5824,,3
5825,,4
5826,,1
5827,,1
5828,,0
5829,,4
5830,,1
5831,,1
5832,,3
5833,,3
5834,,1
5835,,4
5836,,2
5837,,1
5838,,4
5839,,2
5840,,2
5841,,0
5842,,1
5843,,1
5844,,3
5845,,0
5846,,3
5847,,1
5848,,3
5849,,3
5850,,4
5851,,3
5852,,1
5853,,0
5854,,4
5855,,4
5856,,3
5857,,4
5858,,3
5859,,1
5860,,1
5861,,1
5862,,2
5863,,3
5864,,0
5865,,3
5866,,1
5867,,0
5868,,0
5869,,3
5870,,1
5871,,2
5872,,3
5873,,0
5874,,1
5875,,4
5876,,1
5877,,1
5878,,1
5879,,0
5880,,1
5881,,4
5882,,3
5883,,1
5884,,3
5885,,1
5886,,3
5887,,4
5888,,3
5889,,0
5890,,2
5891,,1
5892,,2
5893,,0
5894,,3
5895,,1
5896,,1
5897,,1
5898,,1
5899,,1
5900,,2
5901,,1
5902,,4
5903,,4
5904,,4
5905,,0
5906,,3
5907,,3
5908,,3
5909,,4
5910,,3
5911,,0
5912,,1
5913,,3
5914,,2
5915,,3
5916,,1
5917,,3
5918,,1
5919,,3
5920,,3
5921,,1
5922,,2
5923,,1
5924,,3
5925,,4
5926,,1
5927,,0
5928,,1
5929,,3
5930,,1
5931,,1
5932,,4
5933,,0
5934,,1
5935,,2
5936,,1
5937,,4
5938,,3
5939,,3
5940,,2
5941,,3
5942,,1
5943,,1
5944,,1
5945,,3
5946,,1
5947,,3
5948,,1
5949,,2
5950,,3
5951,,3
5952,,3
5953,,4
5954,,2
5955,,3
5956,,3
5957,,2
5958,,2
5959,,3
5960,,3
5961,,3
5962,,2
5963,,1
5964,,3
5965,,2
5966,,1
5967,,1
5968,,4
5969,,3
5970,,1
5971,,3
5972,,1
5973,,0
5974,,1
5975,,1
5976,,0
5977,,1
5978,,3
5979,,3
5980,,3
5981,,4
5982,,1
5983,,0
5984,,3
5985,,1
5986,,2
5987,,3
5988,,1
5989,,3
5990,,1
5991,,4
5992,,1
5993,,3
5994,,2
5995,,1
5996,,0
5997,,0
5998,,2
5999,,3
6000,,2
6001,,3
6002,,2
6003,,1
6004,,1
6005,,3
6006,,1
6007,,0
6008,,0
6009,,4
6010,,2
6011,,3
6012,,2
6013,,0
6014,,1
6015,,2
6016,,2
6017,,4
6018,,1
6019,,3
6020,,4
6021,,3
6022,,3
6023,,2
6024,,1
6025,,1
6026,,3
6027,,1
6028,,1
6029,,2
6030,,4
6031,,3
6032,,3
6033,,3
6034,,1
6035,,3
6036,,4
6037,,4
6038,,1
6039,,3
6040,,3
6041,,3
6042,,2
6043,,4
6044,,1
6045,,1
6046,,2
6047,,3
6048,,3
6049,,2
6050,,2
6051,,1
6052,,1
6053,,3
6054,,1
6055,,4
6056,,4
6057,,1
6058,,1
6059,,3
6060,,3
6061,,2
6062,,3
6063,,3
6064,,3
6065,,0
6066,,1
6067,,4
6068,,2
6069,,2
6070,,4
6071,,1
6072,,1
6073,,0
6074,,0
6075,,0
6076,,2
6077,,1
6078,,1
6079,,4
6080,,2
6081,,4
6082,,1
6083,,2
6084,,4
6085,,4
6086,,2
6087,,1
6088,,3
6089,,2
6090,,2
6091,,3
6092,,1
6093,,0
6094,,2
6095,,4
6096,,3
6097,,4
6098,,4
6099,,3
6100,,1
6101,,3
6102,,0
6103,,0
6104,,3
6105,,3
6106,,2
6107,,0
6108,,4
6109,,4
6110,,3
6111,,1
6112,,2
6113,,3
6114,,1
6115,,4
6116,,1
6117,,3
6118,,3
6119,,2
6120,,2
6121,,2
6122,,4
6123,,2
6124,,3
6125,,3
6126,,1
6127,,2
6128,,1
6129,,3
6130,,4
6131,,3
6132,,2
6133,,1
6134,,3
6135,,2
6136,,3
6137,,2
6138,,3
6139,,0
6140,,3
6141,,0
6142,,1
6143,,0
6144,,3
6145,,0
6146,,3
6147,,4
6148,,2
6149,,3
6150,,2
6151,,1
6152,,3
6153,,0
6154,,4
6155,,4
6156,,4
6157,,3
6158,,3
6159,,0
6160,,1
6161,,3
6162,,3
6163,,2
6164,,4
6165,,4
6166,,2
6167,,3
6168,,2
6169,,4
6170,,3
6171,,3
6172,,2
6173,,2
6174,,1
6175,,3
6176,,3
6177,,4
6178,,1
6179,,2
6180,,0
6181,,0
6182,,3
6183,,0
6184,,1
6185,,3
6186,,4
6187,,0
6188,,3
6189,,1
6190,,3
6191,,0
6192,,1
6193,,3
6194,,4
6195,,1
6196,,1
6197,,3
6198,,3
6199,,2
6200,,0
6201,,3
6202,,2
6203,,4
6204,,3
6205,,3
6206,,4
6207,,4
6208,,4
6209,,2
6210,,3
6211,,4
6212,,2
6213,,4
6214,,1
6215,,2
6216,,3
6217,,2
6218,,2
6219,,1
6220,,1
6221,,2
6222,,4
6223,,2
6224,,3
6225,,4
6226,,2
6227,,3
6228,,2
6229,,1
6230,,3
6231,,0
6232,,4
6233,,1
6234,,1
6235,,1
6236,,1
6237,,4
6238,,3
6239,,4
6240,,0
6241,,2
6242,,1
6243,,4
6244,,4
6245,,3
6246,,4
6247,,3
6248,,3
6249,,1
6250,,0
6251,,0
6252,,4
6253,,0
6254,,3
6255,,3
6256,,1
6257,,2
6258,,4
6259,,1
6260,,1
6261,,4
6262,,4
6263,,2
6264,,1
6265,,1
6266,,2
6267,,1
6268,,1
6269,,4
6270,,4
6271,,4
6272,,1
6273,,3
6274,,1
6275,,3
6276,,3
6277,,3
6278,,3
6279,,3
6280,,2
6281,,1
6282,,3
6283,,3
6284,,1
6285,,1
6286,,2
6287,,3
6288,,0
6289,,2
6290,,1
6291,,3
6292,,3
6293,,4
6294,,2
6295,,3
6296,,1
6297,,2
6298,,3
6299,,2
6300,,3
6301,,1
6302,,1
6303,,2
6304,,3
6305,,0
6306,,3
6307,,2
6308,,0
6309,,2
6310,,1
6311,,3
6312,,2
6313,,0
6314,,1
6315,,1
6316,,3
6317,,3
6318,,3
6319,,3
6320,,3
6321,,3
6322,,3
6323,,1
6324,,2
6325,,3
6326,,2
6327,,2
6328,,1
6329,,3
6330,,3
6331,,1
6332,,3
6333,,3
6334,,3
6335,,3
6336,,1
6337,,0
6338,,3
6339,,4
6340,,4
6341,,3
6342,,3
6343,,1
6344,,3
6345,,1
6346,,3
6347,,3
6348,,1
6349,,1
6350,,4
6351,,2
6352,,2
6353,,4
6354,,1
6355,,0
6356,,1
6357,,1
6358,,3
6359,,4
6360,,1
6361,,4
6362,,4
6363,,0
6364,,0
6365,,2
6366,,4
6367,,3
6368,,0
6369,,3
6370,,4
6371,,4
6372,,2
6373,,3
6374,,1
6375,,1
6376,,1
6377,,1
6378,,1
6379,,2
6380,,1
6381,,1
6382,,1
6383,,1
6384,,1
6385,,1
6386,,2
6387,,3
6388,,1
6389,,3
6390,,4
6391,,1
6392,,4
6393,,0
6394,,2
6395,,1
6396,,2
6397,,4
6398,,3
6399,,3
6400,,1
6401,,1
6402,,4
6403,,0
6404,,2
6405,,4
6406,,1
6407,,1
6408,,3
6409,,2
6410,,3
6411,,4
6412,,1
6413,,1
6414,,3
6415,,2
6416,,2
6417,,0
6418,,4
6419,,3
6420,,1
6421,,3
6422,,4
6423,,1
6424,,1
6425,,3
6426,,3
6427,,3
6428,,4
6429,,2
6430,,3
6431,,4
6432,,0
6433,,3
6434,,2
6435,,4
6436,,2
6437,,4
6438,,3
6439,,2
6440,,3
6441,,2
6442,,1
6443,,1
6444,,3
6445,,3
6446,,0
6447,,2
6448,,0
6449,,1
6450,,1
6451,,2
6452,,4
6453,,0
6454,,3
6455,,4
6456,,3
6457,,2
6458,,1
6459,,3
6460,,3
6461,,3
6462,,3
6463,,2
6464,,4
6465,,1
6466,,2
6467,,3
6468,,3
6469,,1
6470,,2
6471,,3
6472,,1
6473,,3
6474,,1
6475,,2
6476,,0
6477,,4
6478,,3
6479,,2
6480,,1
6481,,3
6482,,4
6483,,3
6484,,1
6485,,4
6486,,3
6487,,4
6488,,3
6489,,2
6490,,2
6491,,0
6492,,3
6493,,3
6494,,4
6495,,1
6496,,4
6497,,3
6498,,2
6499,,2
6500,,3
6501,,0
6502,,3
6503,,3
6504,,1
6505,,3
6506,,3
6507,,3
6508,,4
6509,,1
6510,,1
6511,,3
6512,,1
6513,,3
6514,,3
6515,,2
6516,,1
6517,,2
6518,,1
6519,,1
6520,,0
6521,,4
6522,,1
6523,,3
6524,,3
6525,,2
6526,,2
6527,,3
6528,,3
6529,,1
6530,,4
6531,,1
6532,,1
6533,,1
6534,,2
6535,,2
6536,,3
6537,,2
6538,,1
6539,,3
6540,,2
6541,,2
6542,,1
6543,,2
6544,,2
6545,,1
6546,,3
6547,,1
6548,,1
6549,,2
6550,,3
6551,,4
6552,,1
6553,,3
6554,,3
6555,,3
6556,,0
6557,,3
6558,,1
6559,,2
6560,,2
6561,,1
6562,,3
6563,,0
6564,,2
6565,,2
6566,,4
6567,,1
6568,,3
6569,,2
6570,,1
6571,,4
6572,,1
6573,,3
6574,,3
6575,,1
6576,,0
6577,,4
6578,,1
6579,,3
6580,,0
6581,,1
6582,,3
6583,,0
6584,,4
6585,,0
6586,,4
6587,,4
6588,,1
6589,,2
6590,,0
6591,,3
6592,,1
6593,,2
6594,,1
6595,,3
6596,,1
6597,,3
6598,,0
6599,,4
6600,,1
6601,,2
6602,,3
6603,,0
6604,,1
6605,,2
6606,,3
6607,,4
6608,,3
6609,,3
6610,,4
6611,,3
6612,,1
6613,,3
6614,,0
6615,,3
6616,,0
6617,,3
6618,,4
6619,,3
6620,,1
6621,,3
6622,,1
6623,,0
6624,,2
6625,,1
6626,,3
6627,,3
6628,,2
6629,,3
6630,,3
6631,,1
6632,,0
6633,,2
6634,,0
6635,,4
6636,,1
6637,,0
6638,,4
6639,,1
6640,,4
6641,,0
6642,,4
6643,,4
6644,,0
6645,,1
6646,,2
6647,,1
6648,,2
6649,,4
6650,,1
6651,,1
6652,,1
6653,,0
6654,,4
6655,,2
6656,,4
6657,,1
6658,,0
6659,,3
6660,,2
6661,,2
6662,,4
6663,,1
6664,,2
6665,,3
6666,,0
6667,,0
6668,,1
6669,,3
6670,,2
6671,,3
6672,,3
6673,,2
6674,,2
6675,,1
6676,,1
6677,,1
6678,,0
6679,,2
6680,,1
6681,,3
6682,,0
6683,,3
6684,,3
6685,,4
6686,,1
6687,,2
6688,,3
6689,,4
6690,,1
6691,,2
6692,,2
6693,,3
6694,,1
6695,,1
6696,,3
6697,,2
6698,,1
6699,,0
6700,,3
6701,,3
6702,,2
6703,,1
6704,,4
6705,,1
6706,,1
6707,,3
6708,,3
6709,,1
6710,,3
6711,,3
6712,,1
6713,,4
6714,,1
6715,,3
6716,,2
6717,,4
6718,,4
6719,,2
6720,,2
6721,,0
6722,,2
6723,,2
6724,,2
6725,,4
6726,,1
6727,,0
6728,,4
6729,,3
6730,,1
6731,,1
6732,,1
6733,,3
6734,,0
6735,,1
6736,,1
6737,,0
6738,,3
6739,,0
6740,,3
6741,,1
6742,,3
6743,,1
6744,,4
6745,,1
6746,,1
6747,,1
6748,,3
6749,,1
6750,,0
6751,,2
6752,,1
6753,,0
6754,,4
6755,,3
6756,,1
6757,,0
6758,,1
6759,,1
6760,,0
6761,,1
6762,,1
6763,,1
6764,,1
6765,,1
6766,,0
6767,,4
6768,,1
6769,,3
6770,,0
6771,,4
6772,,1
6773,,3
6774,,4
6775,,3
6776,,4
6777,,3
6778,,0
6779,,1
6780,,1
6781,,4
6782,,2
6783,,3
6784,,4
6785,,3
6786,,0
6787,,1
6788,,3
6789,,4
6790,,3
6791,,4
6792,,1
6793,,3
6794,,2
6795,,2
6796,,0
6797,,1
6798,,1
6799,,3
6800,,3
6801,,3
6802,,2
6803,,3
6804,,4
6805,,2
6806,,2
6807,,3
6808,,0
6809,,0
6810,,0
6811,,3
6812,,0
6813,,4
6814,,4
6815,,4
6816,,4
6817,,2
6818,,3
6819,,1
6820,,0
6821,,4
6822,,2
6823,,1
6824,,0
6825,,2
6826,,3
6827,,2
6828,,1
6829,,3
6830,,2
6831,,1
6832,,0
6833,,3
6834,,4
6835,,1
6836,,1
6837,,1
6838,,3
6839,,0
6840,,1
6841,,2
6842,,3
6843,,4
6844,,2
6845,,2
6846,,1
6847,,2
6848,,2
6849,,3
6850,,3
6851,,2
6852,,1
6853,,4
6854,,2
6855,,3
6856,,3
6857,,4
6858,,4
6859,,1
6860,,3
6861,,1
6862,,2
6863,,2
6864,,0
6865,,0
6866,,1
6867,,1
6868,,4
6869,,3
6870,,4
6871,,0
6872,,1
6873,,1
6874,,3
6875,,2
6876,,1
6877,,0
6878,,1
6879,,0
6880,,0
6881,,2
6882,,2
6883,,2
6884,,0
6885,,1
6886,,4
6887,,3
6888,,3
6889,,4
6890,,0
6891,,3
6892,,1
6893,,3
6894,,4
6895,,1
6896,,2
6897,,1
6898,,3
6899,,3
6900,,2
6901,,3
6902,,1
6903,,1
6904,,1
6905,,1
6906,,0
6907,,3
6908,,2
6909,,0
6910,,2
6911,,1
6912,,1
6913,,3
6914,,2
6915,,4
6916,,3
6917,,3
6918,,0
6919,,0
6920,,3
6921,,1
6922,,1
6923,,2
6924,,3
6925,,1
6926,,1
6927,,3
6928,,3
6929,,4
6930,,4
6931,,2
6932,,3
6933,,3
6934,,4
6935,,1
6936,,1
6937,,3
6938,,3
6939,,0
6940,,1
6941,,0
6942,,0
6943,,4
6944,,2
6945,,1
6946,,3
6947,,4
6948,,3
6949,,1
6950,,1
6951,,4
6952,,3
6953,,3
6954,,1
6955,,4
6956,,4
6957,,3
6958,,0
6959,,3
6960,,1
6961,,2
6962,,2
6963,,3
6964,,4
6965,,4
6966,,4
6967,,2
6968,,2
6969,,3
6970,,4
6971,,3
6972,,1
6973,,4
6974,,4
6975,,3
6976,,3
6977,,4
6978,,0
6979,,3
6980,,0
6981,,1
6982,,4
6983,,1
6984,,4
6985,,4
6986,,4
6987,,3
6988,,0
6989,,0
6990,,1
6991,,2
6992,,4
6993,,3
6994,,1
6995,,1
6996,,3
6997,,3
6998,,3
6999,,2
7000,,3
7001,,3
7002,,1
7003,,4
7004,,0
7005,,4
7006,,1
7007,,4
7008,,0
7009,,4
7010,,2
7011,,3
7012,,0
7013,,3
7014,,1
7015,,2
7016,,4
7017,,1
7018,,2
7019,,1
7020,,3
7021,,1
7022,,2
7023,,3
7024,,3
7025,,1
7026,,2
7027,,1
7028,,4
7029,,3
7030,,3
7031,,0
7032,,3
7033,,1
7034,,3
7035,,3
7036,,2
7037,,3
7038,,1
7039,,1
7040,,2
7041,,2
7042,,0
7043,,2
7044,,3
7045,,1
7046,,1
7047,,1
7048,,2
7049,,0
7050,,0
7051,,2
7052,,2
7053,,1
7054,,1
7055,,2
7056,,4
7057,,0
7058,,3
7059,,3
7060,,3
7061,,2
7062,,4
7063,,3
7064,,4
7065,,3
7066,,0
7067,,4
7068,,0
7069,,4
7070,,1
7071,,2
7072,,0
7073,,3
7074,,0
7075,,3
7076,,3
7077,,2
7078,,1
7079,,4
7080,,0
7081,,1
7082,,1
7083,,3
7084,,1
7085,,1
7086,,3
7087,,0
7088,,1
7089,,4
7090,,0
7091,,0
7092,,1
7093,,2
7094,,1
7095,,0
7096,,3
7097,,3
7098,,3
7099,,2
7100,,4
7101,,2
7102,,0
7103,,3
7104,,3
7105,,4
7106,,2
7107,,1
7108,,4
7109,,4
7110,,1
7111,,3
7112,,3
7113,,3
7114,,1
7115,,3
7116,,3
7117,,3
7118,,4
7119,,0
7120,,0
7121,,3
7122,,3
7123,,0
7124,,0
7125,,4
7126,,2
7127,,4
7128,,3
7129,,2
7130,,1
7131,,0
7132,,2
7133,,2
7134,,4
7135,,0
7136,,3
7137,,0
7138,,4
7139,,2
7140,,1
7141,,1
7142,,1
7143,,3
7144,,3
7145,,0
7146,,0
7147,,4
7148,,0
7149,,0
7150,,3
7151,,2
7152,,3
7153,,3
7154,,3
7155,,2
7156,,4
7157,,3
7158,,2
7159,,0
7160,,1
7161,,3
7162,,1
7163,,3
7164,,1
7165,,1
7166,,1
7167,,0
7168,,3
7169,,1
7170,,3
7171,,1
7172,,2
7173,,4
7174,,2
7175,,0
7176,,3
7177,,2
7178,,0
7179,,1
7180,,3
7181,,3
7182,,0
7183,,1
7184,,4
7185,,2
7186,,4
7187,,0
7188,,1
7189,,3
7190,,1
7191,,3
7192,,2
7193,,1
7194,,0
7195,,3
7196,,2
7197,,3
7198,,1
7199,,2
7200,,4
7201,,0
7202,,1
7203,,0
7204,,4
7205,,4
7206,,1
7207,,1
7208,,3
7209,,3
7210,,1
7211,,2
7212,,3
7213,,3
7214,,2
7215,,0
7216,,2
7217,,3
7218,,3
7219,,3
7220,,4
7221,,3
7222,,4
7223,,3
7224,,4
7225,,4
7226,,4
7227,,4
7228,,1
7229,,2
7230,,4
7231,,2
7232,,3
7233,,3
7234,,4
7235,,2
7236,,4
7237,,1
7238,,0
7239,,1
7240,,1
7241,,2
7242,,2
7243,,0
7244,,1
7245,,1
7246,,3
7247,,4
7248,,4
7249,,1
7250,,3
7251,,0
7252,,0
7253,,2
7254,,1
7255,,1
7256,,1
7257,,0
7258,,4
7259,,1
7260,,2
7261,,2
7262,,1
7263,,3
7264,,1
7265,,4
7266,,0
7267,,3
7268,,3
7269,,1
7270,,4
7271,,1
7272,,1
7273,,1
7274,,3
7275,,4
7276,,4
7277,,3
7278,,2
7279,,3
7280,,2
7281,,2
7282,,1
7283,,3
7284,,2
7285,,1
7286,,0
7287,,3
7288,,1
7289,,0
7290,,1
7291,,1
7292,,0
7293,,3
7294,,1
7295,,0
7296,,1
7297,,1
7298,,2
7299,,3
7300,,3
7301,,4
7302,,2
7303,,3
7304,,4
7305,,2
7306,,2
7307,,4
7308,,1
7309,,2
7310,,4
7311,,1
7312,,4
7313,,3
7314,,2
7315,,1
7316,,4
7317,,1
7318,,4
7319,,0
7320,,1
7321,,2
7322,,3
7323,,1
7324,,4
7325,,4
7326,,1
7327,,0
7328,,4
7329,,1
7330,,1
7331,,3
7332,,0
7333,,1
7334,,3
7335,,1
7336,,4
7337,,4
7338,,0
7339,,4
7340,,3
7341,,1
7342,,1
7343,,1
7344,,2
7345,,1
7346,,3
7347,,2
7348,,3
7349,,0
7350,,2
7351,,1
7352,,0
7353,,1
7354,,3
7355,,2
7356,,1
7357,,2
7358,,1
7359,,3
7360,,4
7361,,1
7362,,1
7363,,2
7364,,1
7365,,2
7366,,0
7367,,4
7368,,2
7369,,2
7370,,3
7371,,1
7372,,0
7373,,1
7374,,2
7375,,3
7376,,1
7377,,1
7378,,2
7379,,3
7380,,1
7381,,3
7382,,1
7383,,2
7384,,3
7385,,4
7386,,3
7387,,3
7388,,0
7389,,2
7390,,0
7391,,3
7392,,2
7393,,1
7394,,2
7395,,2
7396,,1
7397,,4
7398,,4
7399,,1
7400,,3
7401,,1
7402,,4
7403,,3
7404,,1
7405,,1
7406,,4
7407,,2
7408,,4
7409,,3
7410,,3
7411,,3
7412,,2
7413,,4
7414,,2
7415,,3
7416,,3
7417,,1
7418,,1
7419,,1
7420,,2
7421,,3
7422,,0
7423,,3
7424,,0
7425,,0
7426,,4
7427,,4
7428,,0
7429,,2
7430,,0
7431,,0
7432,,4
7433,,3
7434,,3
7435,,0
7436,,0
7437,,1
7438,,2
7439,,1
7440,,2
7441,,3
7442,,3
7443,,4
7444,,4
7445,,3
7446,,3
7447,,1
7448,,0
7449,,2
7450,,4
7451,,0
7452,,3
7453,,1
7454,,4
7455,,0
7456,,4
7457,,3
7458,,1
7459,,0
7460,,1
7461,,3
7462,,4
7463,,4
7464,,0
7465,,1
7466,,2
7467,,2
7468,,0
7469,,2
7470,,3
7471,,1
7472,,3
7473,,3
7474,,1
7475,,1
7476,,3
7477,,1
7478,,4
7479,,2
7480,,1
7481,,3
7482,,0
7483,,2
7484,,1
7485,,3
7486,,4
7487,,3
7488,,2
7489,,4
7490,,0
7491,,0
7492,,1
7493,,3
7494,,4
7495,,2
7496,,2
7497,,3
7498,,2
7499,,2
7500,,0
7501,,3
7502,,2
7503,,2
7504,,1
7505,,4
7506,,0
7507,,2
7508,,3
7509,,4
7510,,3
7511,,3
7512,,1
7513,,1
7514,,3
7515,,3
7516,,0
7517,,1
7518,,1
7519,,3
7520,,0
7521,,1
7522,,2
7523,,3
7524,,4
7525,,1
7526,,1
7527,,4
7528,,4
7529,,2
7530,,1
7531,,0
7532,,1
7533,,1
7534,,1
7535,,3
7536,,2
7537,,2
7538,,3
7539,,1
7540,,4
7541,,1
7542,,2
7543,,2
7544,,4
7545,,4
7546,,0
7547,,1
7548,,3
7549,,2
7550,,2
7551,,3
7552,,2
7553,,3
7554,,2
7555,,1
7556,,0
7557,,4
7558,,4
7559,,3
7560,,3
7561,,3
7562,,2
7563,,2
7564,,2
7565,,3
7566,,1
7567,,0
7568,,0
7569,,4
7570,,3
7571,,2
7572,,1
7573,,0
7574,,3
7575,,3
7576,,1
7577,,3
7578,,4
7579,,1
7580,,4
7581,,4
7582,,2
7583,,3
7584,,1
7585,,4
7586,,2
7587,,4
7588,,3
7589,,2
7590,,1
7591,,1
7592,,3
7593,,3
7594,,3
7595,,4
7596,,2
7597,,4
7598,,0
7599,,1
7600,,3
7601,,0
7602,,2
7603,,2
7604,,4
7605,,3
7606,,3
7607,,0
7608,,3
7609,,4
7610,,3
7611,,3
7612,,1
7613,,1
7614,,2
7615,,1
7616,,2
7617,,1
7618,,1
7619,,4
7620,,1
7621,,3
7622,,1
7623,,0
7624,,1
7625,,1
7626,,1
7627,,1
7628,,1
7629,,4
7630,,3
7631,,2
7632,,4
7633,,4
7634,,3
7635,,2
7636,,1
7637,,1
7638,,1
7639,,0
7640,,3
7641,,4
7642,,3
7643,,4
7644,,1
7645,,0
7646,,4
7647,,3
7648,,4
7649,,1
7650,,3
7651,,3
7652,,3
7653,,0
7654,,1
7655,,2
7656,,1
7657,,2
7658,,4
7659,,0
7660,,0
7661,,0
7662,,2
7663,,2
7664,,0
7665,,0
7666,,3
7667,,2
7668,,1
7669,,1
7670,,3
7671,,4
7672,,4
7673,,3
7674,,2
7675,,4
7676,,4
7677,,3
7678,,3
7679,,1
7680,,3
7681,,0
7682,,1
7683,,4
7684,,1
7685,,4
7686,,2
7687,,1
7688,,0
7689,,1
7690,,2
7691,,0
7692,,1
7693,,3
7694,,1
7695,,2
7696,,1
7697,,2
7698,,1
7699,,3
7700,,3
7701,,3
7702,,2
7703,,1
7704,,1
7705,,3
7706,,2
7707,,3
7708,,4
7709,,0
7710,,4
7711,,3
7712,,4
7713,,3
7714,,0
7715,,3
7716,,2
7717,,1
7718,,1
7719,,1
7720,,1
7721,,1
7722,,1
7723,,3
7724,,4
7725,,0
7726,,4
7727,,2
7728,,4
7729,,3
7730,,3
7731,,0
7732,,1
7733,,0
7734,,3
7735,,4
7736,,3
7737,,2
7738,,2
7739,,0
7740,,2
7741,,4
7742,,4
7743,,1
7744,,4
7745,,2
7746,,3
7747,,4
7748,,0
7749,,2
7750,,0
7751,,4
7752,,1
7753,,1
7754,,2
7755,,1
7756,,3
7757,,1
7758,,1
7759,,3
7760,,3
7761,,3
7762,,4
7763,,1
7764,,4
7765,,2
7766,,1
7767,,3
7768,,1
7769,,3
7770,,3
7771,,0
7772,,1
7773,,0
7774,,3
7775,,3
7776,,3
7777,,2
7778,,1
7779,,0
7780,,3
7781,,2
7782,,0
7783,,4
7784,,3
7785,,1
7786,,1
7787,,3
7788,,0
7789,,4
7790,,3
7791,,1
7792,,2
7793,,2
7794,,1
7795,,1
7796,,1
7797,,2
7798,,2
7799,,0
7800,,4
7801,,1
7802,,1
7803,,4
7804,,4
7805,,0
7806,,3
7807,,3
7808,,2
7809,,4
7810,,0
7811,,3
7812,,3
7813,,1
7814,,3
7815,,3
7816,,3
7817,,1
7818,,1
7819,,3
7820,,2
7821,,2
7822,,1
7823,,4
7824,,3
7825,,2
7826,,0
7827,,2
7828,,3
7829,,1
7830,,3
7831,,1
7832,,3
7833,,1
7834,,3
7835,,2
7836,,3
7837,,2
7838,,3
7839,,1
7840,,1
7841,,1
7842,,3
7843,,1
7844,,4
7845,,1
7846,,0
7847,,1
7848,,1
7849,,1
7850,,2
7851,,1
7852,,1
7853,,4
7854,,2
7855,,3
7856,,2
7857,,3
7858,,1
7859,,1
7860,,3
7861,,0
7862,,2
7863,,2
7864,,2
7865,,4
7866,,3
7867,,2
7868,,1
7869,,2
7870,,2
7871,,4
7872,,2
7873,,4
7874,,0
7875,,1
7876,,3
7877,,2
7878,,3
7879,,3
7880,,4
7881,,1
7882,,1
7883,,1
7884,,4
7885,,4
7886,,4
7887,,3
7888,,2
7889,,2
7890,,0
7891,,1
7892,,4
7893,,1
7894,,2
7895,,1
7896,,3
7897,,2
7898,,1
7899,,1
7900,,0
7901,,4
7902,,1
7903,,1
7904,,1
7905,,1
7906,,1
7907,,1
7908,,1
7909,,4
7910,,1
7911,,0
7912,,2
7913,,1
7914,,1
7915,,4
7916,,0
7917,,2
7918,,1
7919,,1
7920,,2
7921,,2
7922,,4
7923,,3
7924,,3
7925,,1
7926,,2
7927,,2
7928,,1
7929,,3
7930,,2
7931,,1
7932,,4
7933,,3
7934,,4
7935,,1
7936,,2
7937,,2
7938,,2
7939,,2
7940,,2
7941,,3
7942,,4
7943,,0
7944,,3
7945,,4
7946,,2
7947,,3
7948,,1
7949,,0
7950,,2
7951,,2
7952,,2
7953,,3
7954,,0
7955,,3
7956,,0
7957,,0
7958,,1
7959,,1
7960,,4
7961,,3
7962,,1
7963,,1
7964,,2
7965,,0
7966,,3
7967,,1
7968,,4
7969,,4
7970,,3
7971,,1
7972,,4
7973,,2
7974,,3
7975,,2
7976,,2
7977,,1
7978,,1
7979,,3
7980,,3
7981,,3
7982,,4
7983,,0
7984,,3
7985,,1
7986,,2
7987,,3
7988,,3
7989,,1
7990,,3
7991,,4
7992,,4
7993,,4
7994,,2
7995,,2
7996,,3
7997,,1
7998,,1
7999,,2
8000,,2
8001,,1
8002,,1
8003,,3
8004,,2
8005,,1
8006,,0
8007,,1
8008,,0
8009,,2
8010,,2
8011,,1
8012,,1
8013,,4
8014,,1
8015,,1
8016,,0
8017,,0
8018,,3
8019,,0
8020,,4
8021,,1
8022,,3
8023,,4
8024,,4
8025,,3
8026,,2
8027,,0
8028,,3
8029,,0
8030,,3
8031,,1
8032,,3
8033,,2
8034,,0
8035,,4
8036,,0
8037,,3
8038,,3
8039,,4
8040,,4
8041,,1
8042,,3
8043,,2
8044,,3
8045,,1
8046,,3
8047,,0
8048,,0
8049,,1
8050,,1
8051,,4
8052,,0
8053,,3
8054,,2
8055,,1
8056,,4
8057,,1
8058,,4
8059,,3
8060,,4
8061,,4
8062,,3
8063,,2
8064,,3
8065,,3
8066,,2
8067,,3
8068,,0
8069,,3
8070,,1
8071,,0
8072,,3
8073,,1
8074,,3
8075,,3
8076,,2
8077,,4
8078,,2
8079,,2
8080,,2
8081,,1
8082,,2
8083,,3
8084,,2
8085,,1
8086,,1
8087,,2
8088,,4
8089,,3
8090,,2
8091,,4
8092,,1
8093,,1
8094,,4
8095,,2
8096,,3
8097,,3
8098,,0
8099,,1
8100,,2
8101,,4
8102,,3
8103,,3
8104,,3
8105,,0
8106,,4
8107,,1
8108,,0
8109,,4
8110,,1
8111,,1
8112,,3
8113,,4
8114,,4
8115,,3
8116,,1
8117,,1
8118,,1
8119,,0
8120,,4
8121,,1
8122,,3
8123,,0
8124,,1
8125,,0
8126,,1
8127,,3
8128,,2
8129,,3
8130,,2
8131,,3
8132,,1
8133,,0
8134,,0
8135,,4
8136,,2
8137,,4
8138,,1
8139,,3
8140,,4
8141,,4
8142,,2
8143,,4
8144,,4
8145,,3
8146,,4
8147,,3
8148,,3
8149,,1
8150,,3
8151,,2
8152,,3
8153,,1
8154,,2
8155,,0
8156,,2
8157,,3
8158,,2
8159,,4
8160,,2
8161,,3
8162,,3
8163,,4
8164,,1
8165,,2
8166,,0
8167,,3
8168,,1
8169,,2
8170,,0
8171,,2
8172,,3
8173,,3
8174,,2
8175,,3
8176,,1
8177,,4
8178,,4
8179,,3
8180,,0
8181,,3
8182,,3
8183,,4
8184,,1
8185,,1
8186,,3
8187,,2
8188,,2
8189,,3
8190,,3
8191,,3
8192,,3
8193,,2
8194,,1
8195,,1
8196,,2
8197,,4
8198,,1
8199,,0
8200,,1
8201,,0
8202,,2
8203,,3
8204,,1
8205,,1
8206,,4
8207,,4
8208,,1
8209,,0
8210,,4
8211,,2
8212,,1
8213,,0
8214,,4
8215,,2
8216,,1
8217,,1
8218,,1
8219,,3
8220,,3
8221,,1
8222,,2
8223,,2
8224,,0
8225,,3
8226,,1
8227,,1
8228,,1
8229,,2
8230,,1
8231,,3
8232,,2
8233,,3
8234,,1
8235,,4
8236,,1
8237,,1
8238,,0
8239,,1
8240,,3
8241,,2
8242,,3
8243,,3
8244,,3
8245,,2
8246,,3
8247,,2
8248,,2
8249,,3
8250,,4
8251,,4
8252,,1
8253,,0
8254,,4
8255,,1
8256,,0
8257,,2
8258,,4
8259,,2
8260,,1
8261,,4
8262,,3
8263,,2
8264,,3
8265,,2
8266,,2
8267,,3
8268,,2
8269,,4
8270,,1
8271,,4
8272,,0
8273,,3
8274,,3
8275,,0
8276,,2
8277,,1
8278,,0
8279,,3
8280,,1
8281,,4
8282,,2
8283,,0
8284,,4
8285,,2
8286,,2
8287,,1
8288,,4
8289,,1
8290,,3
8291,,2
8292,,1
8293,,1
8294,,4
8295,,1
8296,,3
8297,,4
8298,,0
8299,,2
8300,,1
8301,,2
8302,,1
8303,,1
8304,,3
8305,,0
8306,,3
8307,,3
8308,,2
8309,,2
8310,,3
8311,,4
8312,,2
8313,,3
8314,,3
8315,,1
8316,,4
8317,,3
8318,,2
8319,,3
8320,,4
8321,,1
8322,,2
8323,,1
8324,,0
8325,,4
8326,,1
8327,,0
8328,,1
8329,,1
8330,,3
8331,,2
8332,,3
8333,,1
8334,,2
8335,,0
8336,,0
8337,,3
8338,,2
8339,,2
8340,,0
8341,,4
8342,,3
8343,,2
8344,,0
8345,,0
8346,,1
8347,,3
8348,,3
8349,,2
8350,,2
8351,,2
8352,,0
8353,,1
8354,,0
8355,,3
8356,,1
8357,,2
8358,,3
8359,,1
8360,,4
8361,,2
8362,,1
8363,,1
8364,,2
8365,,3
8366,,3
8367,,1
8368,,1
8369,,2
8370,,3
8371,,1
8372,,3
8373,,1
8374,,3
8375,,3
8376,,1
8377,,3
8378,,0
8379,,2
8380,,1
8381,,3
8382,,1
8383,,3
8384,,1
8385,,0
8386,,3
8387,,3
8388,,1
8389,,4
8390,,0
8391,,2
8392,,2
8393,,0
8394,,0
8395,,0
8396,,4
8397,,3
8398,,1
8399,,1
8400,,2
8401,,3
8402,,2
8403,,2
8404,,3
8405,,2
8406,,1
8407,,0
8408,,1
8409,,3
8410,,4
8411,,1
8412,,0
8413,,2
8414,,4
8415,,1
8416,,0
8417,,1
8418,,1
8419,,4
8420,,3
8421,,3
8422,,3
8423,,1
8424,,4
8425,,4
8426,,2
8427,,0
8428,,1
8429,,2
8430,,0
8431,,3
8432,,2
8433,,3
8434,,3
8435,,2
8436,,3
8437,,4
8438,,4
8439,,3
8440,,4
8441,,1
8442,,2
8443,,2
8444,,4
8445,,2
8446,,1
8447,,1
8448,,4
8449,,3
8450,,3
8451,,2
8452,,3
8453,,1
8454,,1
8455,,1
8456,,4
8457,,3
8458,,1
8459,,2
8460,,4
8461,,2
8462,,4
8463,,3
8464,,2
8465,,2
8466,,4
8467,,0
8468,,2
8469,,3
8470,,1
8471,,4
8472,,2
8473,,2
8474,,1
8475,,2
8476,,1
8477,,1
8478,,3
8479,,0
8480,,1
8481,,4
8482,,4
8483,,3
8484,,1
8485,,0
8486,,0
8487,,4
8488,,1
8489,,3
8490,,3
8491,,2
8492,,1
8493,,2
8494,,4
8495,,4
8496,,2
8497,,3
8498,,3
8499,,2
8500,,0
8501,,2
8502,,1
8503,,3
8504,,4
8505,,3
8506,,0
8507,,3
8508,,1
8509,,2
8510,,4
8511,,1
8512,,2
8513,,1
8514,,3
8515,,2
8516,,4
8517,,3
8518,,3
8519,,2
8520,,1
8521,,0
8522,,3
8523,,2
8524,,1
8525,,2
8526,,3
8527,,0
8528,,3
8529,,3
8530,,2
8531,,1
8532,,3
8533,,4
8534,,0
8535,,2
8536,,2
8537,,1
8538,,4
8539,,1
8540,,1
8541,,1
8542,,2
8543,,4
